apiName,name,cost,traits,stats,ability
TFT_Voidspawn,Voidspawn,1,[],"{'armor': 30.0, 'attackSpeed': 0.75, 'critChance': 0.25, 'critMultiplier': 1.399999976158142, 'damage': 0.0, 'hp': None, 'initialMana': 0, 'magicResist': 30.0, 'mana': 0.0, 'range': 1.0}",The Voidspawn gains bonus Health and Attack Damage based on the current Stage. 
TFT_TrainingDummy,Target Dummy,1,[],"{'armor': 30.0, 'attackSpeed': 0.20000000298023224, 'critChance': None, 'critMultiplier': 0.0, 'damage': 50.0, 'hp': 550.0, 'initialMana': 0, 'magicResist': 30.0, 'mana': 0.0, 'range': 1.0}",The Training Dummy cannot move or attack. It is also dressed like a devilishly handsome Yordle.
TFT5_EmblemArmoryKey,Tome of Traits,8,[],"{'armor': 10.0, 'attackSpeed': 1.0, 'critChance': None, 'critMultiplier': 0.0, 'damage': None, 'hp': 10.0, 'initialMana': 0, 'magicResist': 10.0, 'mana': 100, 'range': 0}",Drag this Tome to the Shop to open an Armory full of emblems! You will have 30 seconds to choose.
TFT_ArmoryKeyCompleted,Completed Item Anvil,8,[],"{'armor': 10.0, 'attackSpeed': 1.0, 'critChance': None, 'critMultiplier': 0.0, 'damage': None, 'hp': 10.0, 'initialMana': 0, 'magicResist': 10.0, 'mana': 100, 'range': 0}",Drag this to the Shop to open an Armory full of completed items! You will have 30 seconds to choose.
TFT_ArmoryKeyComponent,Component Anvil,8,[],"{'armor': 10.0, 'attackSpeed': 1.0, 'critChance': None, 'critMultiplier': 0.0, 'damage': None, 'hp': 10.0, 'initialMana': 0, 'magicResist': 10.0, 'mana': 100, 'range': 0}",Drag this to the Shop to open an Armory full of component items! You will have 30 seconds to choose.
TFT_ArmoryKeyOrnn,Artifact Item Anvil,8,[],"{'armor': 10.0, 'attackSpeed': 1.0, 'critChance': None, 'critMultiplier': 0.0, 'damage': None, 'hp': 10.0, 'initialMana': 0, 'magicResist': 10.0, 'mana': 100, 'range': 0}",Drag this to the Shop to open an Armory full of Artifact items! You will have 30 seconds to choose.
TFT_ArmoryKeySupport,Support item anvil,8,[],"{'armor': 10.0, 'attackSpeed': 1.0, 'critChance': None, 'critMultiplier': 0.0, 'damage': None, 'hp': 10.0, 'initialMana': 0, 'magicResist': 10.0, 'mana': 100, 'range': 0}",Drag this to the Shop to open an Armory full of Support items! You will have 30 seconds to choose.
TFT9_SLIME_Crab,SLIME_Crab,11,[],"{'armor': 10.0, 'attackSpeed': 0.800000011920929, 'critChance': 0.25, 'critMultiplier': 1.399999976158142, 'damage': 20.0, 'hp': None, 'initialMana': 0, 'magicResist': 10.0, 'mana': 100, 'range': 1.0}",
TFT6_MercenaryChest,Mercenary Chest,11,[],"{'armor': 0.0, 'attackSpeed': None, 'critChance': 0.25, 'critMultiplier': 1.2999999523162842, 'damage': 0.0, 'hp': 1.0, 'initialMana': 0, 'magicResist': None, 'mana': 12.0, 'range': 0.0}",This chest stores all of the accumulated loot you've collected. Win a combat against a player to open it!
TFT_BlueGolem,Sentinel,1,[],"{'armor': 35.0, 'attackSpeed': 0.550000011920929, 'critChance': 0.25, 'critMultiplier': 1.399999976158142, 'damage': 65.0, 'hp': 600.0, 'initialMana': 30.0, 'magicResist': 35.0, 'mana': 100, 'range': 1.0}",Slam the target dealing <magicDamage>@ModifiedDamage@&nbsp;(%i:scaleAP%)</magicDamage> magic damage.
TFT11_Aatrox,Aatrox,2,"['Ghostly', 'Inkshadow', 'Bruiser']","{'armor': 45.0, 'attackSpeed': 0.699999988079071, 'critChance': 0.25, 'critMultiplier': 1.399999976158142, 'damage': 55.0, 'hp': 700.0, 'initialMana': 0, 'magicResist': 45.0, 'mana': 60.0, 'range': 1.0}",@ShredTooltipOnly@% <TFTKeyword>Shred</TFTKeyword> the current target for @Duration@&nbsp;seconds and deal <magicDamage>@ModifiedDamage@&nbsp;(%i:scaleAP%)</magicDamage> magic damage to them. Heal <scaleHealth>@ModifiedHealing@&nbsp;(%i:scaleAP%)</scaleHealth> Health.<br><br><rules><tftbold>Shred:</tftbold> Reduce Magic Resist</rules>
TFT11_Ahri,Ahri,1,"['Fated', 'Arcanist']","{'armor': 15.0, 'attackSpeed': 0.75, 'critChance': 0.25, 'critMultiplier': 1.399999976158142, 'damage': 30.0, 'hp': 500.0, 'initialMana': 0, 'magicResist': 15.0, 'mana': 60.0, 'range': 4.0}",Deal <magicDamage>@ModifiedDamage@&nbsp;(%i:scaleAP%)</magicDamage> magic damage to the current target and <magicDamage>@ModifiedSecondaryDamage@&nbsp;(%i:scaleAP%)</magicDamage> magic damage to adjacent enemies.<br><br>Fated Bonus: Gain <TFTBonus>@FatedBonus@&nbsp;%i:scaleAP%</TFTBonus>.<br>
TFT11_Amumu,Amumu,3,"['Porcelain', 'Warden']","{'armor': 50.0, 'attackSpeed': 0.6000000238418579, 'critChance': 0.25, 'critMultiplier': 1.399999976158142, 'damage': 60.0, 'hp': 900.0, 'initialMana': 40.0, 'magicResist': 50.0, 'mana': 80.0, 'range': 1.0}","Instantly heal <scaleHealth>@ModifiedSelfHealingAmount@&nbsp;(%i:scaleAP%)</scaleHealth>&nbsp;Health and heal nearby allies for <scaleHealth>@ModifiedAllyHealingAmount@&nbsp;(%i:scaleAP%)</scaleHealth>&nbsp;Health. Cry for the next @Duration@&nbsp;seconds, healing Amumu and his allies for the same amount, and dealing <magicDamage>@ModifiedDamage@&nbsp;(%i:scaleAP%)</magicDamage>&nbsp;magic damage to nearby enemies over the total duration. "
TFT11_Annie,Annie,4,"['Fortune', 'Invoker']","{'armor': 60.0, 'attackSpeed': 0.6499999761581421, 'critChance': 0.25, 'critMultiplier': 1.399999976158142, 'damage': 55.0, 'hp': 1000.0, 'initialMana': 70.0, 'magicResist': 60.0, 'mana': 120.0, 'range': 1.0}","<spellPassive>Passive</spellPassive>: Heal <scaleHealth>@PassiveHeal@&nbsp;(%i:scaleHealth%)</scaleHealth>&nbsp;Health when damaging a <TFTKeyword>Burning</TFTKeyword> enemy.<br><br><spellActive>Active</spellActive>: On first cast, hop on Tibbers, gaining <scaleHealth>@BonusHealth@&nbsp;(%i:scaleHealth%)</scaleHealth> max Health and <TFTKeyword>Stunning</TFTKeyword> enemies within 2 hexes for @StunDuration@&nbsp;seconds. <br><br>Deal <magicDamage>@TotalDamage@&nbsp;(%i:scaleAP%)</magicDamage>&nbsp;magic damage, <TFTKeyword>Burn</TFTKeyword>, and <TFTKeyword>Wound</TFTKeyword> enemies within 2 hexes for @DebuffDuration@&nbsp;seconds.<br><br><rules>Burn: Deal 1% of the target's max Health as true damage every second</rules><br><rules>Wound: Reduce healing received by 33%</rules>"
TFT11_Aphelios,Aphelios,3,"['Fated', 'Sniper']","{'armor': 25.0, 'attackSpeed': 0.75, 'critChance': 0.25, 'critMultiplier': 1.399999976158142, 'damage': 60.0, 'hp': 650.0, 'initialMana': 40.0, 'magicResist': 25.0, 'mana': 100, 'range': 4.0}","@SunderTooltipPercent@% <TFTKeyword>Sunder</TFTKeyword> the nearest @NumShots@ enemies for @Duration@&nbsp;seconds. Then fire @NumShots@&nbsp;shots at them, dealing <physicalDamage>@ModifiedDamage@&nbsp;(%i:scaleAD%)</physicalDamage>&nbsp;physical damage each.<br><br>Fated Bonus: Gain <TFTBonus>@FatedBonus*100@%&nbsp;%i:scaleAD%</TFTBonus>.<br><br><rules><tftbold>Sunder:</tftbold> Reduce Armor</rules>"
TFT11_Ashe,Ashe,4,"['Porcelain', 'Sniper']","{'armor': 30.0, 'attackSpeed': 0.800000011920929, 'critChance': 0.25, 'critMultiplier': 1.399999976158142, 'damage': 70.0, 'hp': 850.0, 'initialMana': 30.0, 'magicResist': 30.0, 'mana': 90.0, 'range': 4.0}","<spellPassive>Passive</spellPassive>: Start with @StartingArrows@&nbsp;arrows. Gain <scaleLevel>@ArrowOnAttackThreshold@</scaleLevel>&nbsp;every @AttackThreshold@&nbsp;attacks. (Current arrows: <TFTBonus>@TFTUnitProperty.:TFT11_Unit_AsheArrows@</TFTBonus>)<br><br><spellActive>Active</spellActive>: Fire a volley split between the current target and the @NumEnemiesMinusTarget@&nbsp;closest enemies within range, dealing <physicalDamage>@ModifiedDamage@&nbsp;(%i:scaleAD%)</physicalDamage>&nbsp;physical damage per stored arrow for a total of <physicalDamage>@TFTUnitProperty.:TFT11_Unit_AsheTotalSpellDamage@&nbsp;(%i:scaleAD%)</physicalDamage>&nbsp;physical damage."
TFT11_Alune,Alune,3,"['Umbral', 'Invoker']","{'armor': 25.0, 'attackSpeed': 0.75, 'critChance': 0.25, 'critMultiplier': 1.399999976158142, 'damage': 40.0, 'hp': 650.0, 'initialMana': 0, 'magicResist': 25.0, 'mana': 60.0, 'range': 4.0}",Rain meteors through the row with the most total enemy Health. Meteors deal <magicDamage>@ModifiedDamage@&nbsp;(%i:scaleAP%)</magicDamage> magic damage split between all enemies hit. Deal <magicDamage>@ModifiedPrimaryDamage@&nbsp;(%i:scaleAP%)</magicDamage> magic damage to the current target. All enemies hit are @ShredPercent@%&nbsp;<TFTKeyword>Shredded</TFTKeyword> for @ShredDuration@&nbsp;seconds. <br><br>Grant <TFTBonus>@AttackSpeed*100@%</TFTBonus>&nbsp;Attack Speed split amongst allies in Alune's row for @AttackSpeedDuration@&nbsp;seconds.<br><br><rules><tftbold>Shred:</tftbold> Reduce Magic Resist</rules>
TFT11_Bard,Bard,3,"['Mythic', 'Trickshot']","{'armor': 25.0, 'attackSpeed': 0.800000011920929, 'critChance': 0.25, 'critMultiplier': 1.399999976158142, 'damage': 55.0, 'hp': 650.0, 'initialMana': 0, 'magicResist': 25.0, 'mana': 50.0, 'range': 4.0}","For the next @ScaledDuration@ seconds, attacks instead throw 2 Meeps, each dealing <physicalDamage>@ModifiedPhysicalDamage@&nbsp;(%i:scaleAD%)</physicalDamage>&nbsp;physical damage and <magicDamage>@ModifiedMagicDamage@&nbsp;(%i:scaleAP%)</magicDamage>&nbsp;magic damage."
TFT11_Caitlyn,Caitlyn,1,"['Ghostly', 'Sniper']","{'armor': 15.0, 'attackSpeed': 0.699999988079071, 'critChance': 0.25, 'critMultiplier': 1.399999976158142, 'damage': 50.0, 'hp': 500.0, 'initialMana': 0, 'magicResist': 15.0, 'mana': 105.0, 'range': 4.0}","Fire a bullet towards the farthest enemy, dealing <physicalDamage>@TotalDamage@&nbsp;(%i:scaleAD%)</physicalDamage>&nbsp;physical damage to the first enemy hit."
TFT11_ChoGath,Cho'Gath,1,"['Mythic', 'Behemoth']","{'armor': 40.0, 'attackSpeed': 0.550000011920929, 'critChance': 0.25, 'critMultiplier': 1.399999976158142, 'damage': 50.0, 'hp': 650.0, 'initialMana': 40.0, 'magicResist': 40.0, 'mana': 90.0, 'range': 1.0}","Gain <TFTBonus>@ModifiedShield@&nbsp;(%i:scaleAP%)</TFTBonus>&nbsp;Shield for @ShieldDuration@&nbsp;seconds and breathe a cone of fire, dealing <magicDamage>@ModifiedDamage@&nbsp;(%i:scaleAP%)</magicDamage>&nbsp;magic damage,  <TFTKeyword>Burning</TFTKeyword>, and <TFTKeyword>Wounding</TFTKeyword> enemies hit for @BurnWoundDuration@&nbsp;seconds. <br><br><rules>Burn: Deal 1% of the target's max Health as true damage every second<br>Wound: Reduce healing received by 33%</rules>"
TFT11_Darius,Darius,1,"['Umbral', 'Duelist']","{'armor': 40.0, 'attackSpeed': 0.699999988079071, 'critChance': 0.25, 'critMultiplier': 1.399999976158142, 'damage': 40.0, 'hp': 650.0, 'initialMana': 0, 'magicResist': 40.0, 'mana': 30.0, 'range': 1.0}","Deal <magicDamage>@ModifiedDamage@&nbsp;(%i:scaleAP%)</magicDamage>&nbsp;magic damage to adjacent enemies. For the next @Duration@&nbsp;seconds, attacks deal <magicDamage>@ModifiedDamageOnHit@&nbsp;(%i:scaleAP%)</magicDamage>&nbsp;bonus magic damage."
TFT11_Galio,Galio,4,"['Storyweaver', 'Bruiser']","{'armor': 60.0, 'attackSpeed': 0.6000000238418579, 'critChance': 0.25, 'critMultiplier': 1.399999976158142, 'damage': 60.0, 'hp': 1150.0, 'initialMana': 70.0, 'magicResist': 60.0, 'mana': 120.0, 'range': 1.0}","<TFTKeyword>Taunt</TFTKeyword> enemies within @HexRadius@&nbsp;hexes and gain <TFTBonus>@ModifiedArmor@&nbsp;(%i:scaleArmor%)</TFTBonus>&nbsp;Armor and <TFTBonus>@ModifiedMagicResist@&nbsp;(%i:scaleMR%)</TFTBonus>&nbsp;Magic Resist for @Duration@&nbsp;seconds. Galio is immobile and unstoppable during this time.<br><br>After, deal <magicDamage>@ModifiedDamage@&nbsp;(%i:scaleAP%)</magicDamage>&nbsp;magic damage to all enemies in range and grant <TFTBonus>@ModifiedShieldAmount@&nbsp;(%i:scaleAP%)</TFTBonus>&nbsp;Shield to allies in range for @ShieldDuration@&nbsp;seconds.<br><br><tftitemrules><tftbold>Taunt</tftbold>: enemies that are able and in range must attack the taunter</tftitemrules>"
TFT11_Garen,Garen,1,"['Storyweaver', 'Warden']","{'armor': 40.0, 'attackSpeed': 0.6000000238418579, 'critChance': 0.25, 'critMultiplier': 1.399999976158142, 'damage': 55.0, 'hp': 600.0, 'initialMana': 30.0, 'magicResist': 40.0, 'mana': 80.0, 'range': 1.0}",Gain <TFTBonus>@ModifiedShield@&nbsp;(%i:scaleAP%)</TFTBonus> Shield for @Duration@&nbsp;seconds. Garen's next attack deals <physicalDamage>@AdditionalDamage@&nbsp;(%i:scaleAD%)</physicalDamage>&nbsp;physical damage.
TFT11_Hwei,Hwei,5,"['Mythic', 'Artist']","{'armor': 40.0, 'attackSpeed': 0.800000011920929, 'critChance': 0.25, 'critMultiplier': 1.399999976158142, 'damage': 50.0, 'hp': 900.0, 'initialMana': 30.0, 'magicResist': 40.0, 'mana': 105.0, 'range': 4.0}","Create an expanding paint pool around the most units that heals allies within for <scaleHealth>@ModifiedHealing@&nbsp;(%i:scaleAP%)</scaleHealth>&nbsp;Health every second for 3 seconds. After 3 seconds, it explodes, healing allies within for <scaleHealth>@ModifiedEndHeal@&nbsp;(%i:scaleAP%)</scaleHealth>&nbsp;Health and dealing <magicDamage>@ModifiedDamage@&nbsp;(%i:scaleAP%)</magicDamage>&nbsp;magic damage to enemies."
TFT11_Illaoi,Illaoi,3,"['Ghostly', 'Arcanist', 'Warden']","{'armor': 50.0, 'attackSpeed': 0.6000000238418579, 'critChance': 0.25, 'critMultiplier': 1.399999976158142, 'damage': 50.0, 'hp': 900.0, 'initialMana': 30.0, 'magicResist': 50.0, 'mana': 90.0, 'range': 1.0}","Gain <TFTBonus>@ModifiedShield@&nbsp;(%i:scaleAP%)</TFTBonus> Shield and summon a tentacle near the current target for @Duration@&nbsp;seconds. The tentacle slams every second, dealing <magicDamage>@ModifiedDamage@&nbsp;(%i:scaleAP%)</magicDamage>&nbsp;magic damage in a&nbsp;line and healing Illaoi for <scaleHealth>@ModifiedHealAmount@&nbsp;(%i:scaleAP%)</scaleHealth> Health."
TFT11_Irelia,Irelia,5,"['Storyweaver', 'Duelist']","{'armor': 40.0, 'attackSpeed': 0.8999999761581421, 'critChance': 0.25, 'critMultiplier': 1.399999976158142, 'damage': 80.0, 'hp': 900.0, 'initialMana': 0, 'magicResist': 40.0, 'mana': 8.0, 'range': 10.0}","<spellPassive>Passive</spellPassive>: Attacks send blades that dart between enemies, dealing <physicalDamage>@Damage_BladeHit@&nbsp;(%i:scaleAD%)</physicalDamage>&nbsp;physical damage and 30% <TFTKeyword>Sunder</TFTKeyword> for @SunderDuration@ seconds. Cast every @AttacksToCast_MustMatchResourceMaximum@&nbsp;attacks.<br><br><spellActive>Active</spellActive>: Command the blades to swiftly strike the three lowest Health enemies, dealing <physicalDamage>@Damage_SpellHit@&nbsp;(%i:scaleAD%)</physicalDamage>&nbsp;physical&nbsp;damage and applying on-hit effects.<br><br><rules>Irelia converts @AttackSpeedToBladeSpeed*100@%&nbsp;of bonus attack&nbsp;speed into faster blade movement, and @AttackSpeedToDamage*100@% into Attack Damage.</rules><br><br><tftitemrules><tftbold>Sunder:</tftbold> Reduce Armor</tftitemrules>"
TFT11_Janna,Janna,2,"['Dragonlord', 'Invoker']","{'armor': 20.0, 'attackSpeed': 0.75, 'critChance': 0.25, 'critMultiplier': 1.399999976158142, 'damage': 40.0, 'hp': 600.0, 'initialMana': 25.0, 'magicResist': 20.0, 'mana': 75.0, 'range': 4.0}","Grant <TFTBonus>@ModifiedShield@&nbsp;(%i:scaleAP%)</TFTBonus>&nbsp;Shield to the @NumShieldTargets@ lowest Health allies for @Duration@ seconds. Then, deal <magicDamage>@ModifiedDamage@&nbsp;(%i:scaleAP%)</magicDamage>&nbsp;magic damage to the @NumTargets@&nbsp;nearest enemies."
TFT11_Kaisa,Kai'Sa,4,"['Inkshadow', 'Trickshot']","{'armor': 30.0, 'attackSpeed': 0.8500000238418579, 'critChance': 0.25, 'critMultiplier': 1.399999976158142, 'damage': 75.0, 'hp': 850.0, 'initialMana': 20.0, 'magicResist': 30.0, 'mana': 75.0, 'range': 4.0}","Fire @NumHits_Do_NOT_Change@&nbsp;waves at the current target over @SpellDurationTOOLTIPONLY@&nbsp;seconds, each dealing <physicalDamage>@ModifiedDamage@&nbsp;(%i:scaleAD%)</physicalDamage>&nbsp;physical damage to the first enemy hit. If an enemy is hit by @HitThreshold@&nbsp;waves, they take <physicalDamage>@AmplifiedDamage@&nbsp;(%i:scaleAD%)</physicalDamage>&nbsp;damage per wave instead."
TFT11_Kayn,Kayn,4,"['Ghostly', 'Reaper']","{'armor': 55.0, 'attackSpeed': 0.8999999761581421, 'critChance': 0.25, 'critMultiplier': 1.399999976158142, 'damage': 80.0, 'hp': 1150.0, 'initialMana': 0, 'magicResist': 55.0, 'mana': 60.0, 'range': 1.0}","On first cast, transform, dealing <physicalDamage>@TotalTransformDamage@&nbsp;(%i:scaleAD%)</physicalDamage>&nbsp;physical damage to nearby enemies. While transformed, gain <TFTBonus>@CritChance*100@%</TFTBonus>&nbsp;Critical&nbsp;Strike&nbsp;Chance and critical attacks damage adjacent enemies. If the spin only hits one enemy, the damage is increased by <TFTBonus>@SingleTargetDamageAmp*100@%</TFTBonus>.<br><br>Subsequent casts deal <physicalDamage>@TotalSwipeDamage@&nbsp;(%i:scaleAD%)</physicalDamage>&nbsp;physical damage to units in a line through the target instead. "
TFT11_KhaZix,Kha'Zix,1,"['Heavenly', 'Reaper']","{'armor': 35.0, 'attackSpeed': 0.75, 'critChance': 0.25, 'critMultiplier': 1.399999976158142, 'damage': 50.0, 'hp': 600.0, 'initialMana': 0, 'magicResist': 35.0, 'mana': 40.0, 'range': 1.0}",Leap towards the lowest Health enemy within 3 hexes and deal <physicalDamage>@TotalDamage@&nbsp;(%i:scaleAD%)</physicalDamage>&nbsp;physical damage.
TFT11_Kindred,Kindred,2,"['Fated', 'Dryad', 'Reaper']","{'armor': 20.0, 'attackSpeed': 0.699999988079071, 'critChance': 0.25, 'critMultiplier': 1.399999976158142, 'damage': 40.0, 'hp': 550.0, 'initialMana': 0, 'magicResist': 20.0, 'mana': 30.0, 'range': 4.0}",Dash away from the current target and deal <magicDamage>@ModifiedDamage@&nbsp;(%i:scaleAP%)</magicDamage>&nbsp;magic damage to them and <magicDamage>@ModifiedSecondaryDamage@&nbsp;(%i:scaleAP%)</magicDamage>&nbsp;magic damage to the nearest enemy.<br><br>Fated Bonus: Gain <TFTBonus>@FatedAS*100@%</TFTBonus>&nbsp;Attack Speed.
TFT11_KogMaw,Kog'Maw,1,"['Mythic', 'Invoker', 'Sniper']","{'armor': 15.0, 'attackSpeed': 0.699999988079071, 'critChance': 0.25, 'critMultiplier': 1.399999976158142, 'damage': 30.0, 'hp': 500.0, 'initialMana': 0, 'magicResist': 15.0, 'mana': 30.0, 'range': 3.0}","Deal <magicDamage>@ModifiedDamage@&nbsp;(%i:scaleAP%)</magicDamage>&nbsp;magic damage to the lowest Health enemy within range. Every @NumCasts@&nbsp;casts, gain +<TFTBonus>@AttackRangeIncrease@</TFTBonus>&nbsp;Attack Range."
TFT11_LeeSin,Lee Sin,4,"['Dragonlord', 'Duelist']","{'armor': 55.0, 'attackSpeed': 0.8500000238418579, 'critChance': 0.25, 'critMultiplier': 1.399999976158142, 'damage': 75.0, 'hp': 1100.0, 'initialMana': 40.0, 'magicResist': 55.0, 'mana': 100, 'range': 1.0}","Kick the target's spirit out of their body, dealing <physicalDamage>@ModifiedDamage@&nbsp;(%i:scaleAD%%i:scaleAS%)</physicalDamage>&nbsp;physical damage, @TooltipReave@% <TFTKeyword>Mana Reaving</TFTKeyword> them, and Stunning them. Enemies hit by the spirit take <physicalDamage>@ModifiedAOEDamage@&nbsp;(%i:scaleAD%%i:scaleAS%)</physicalDamage>&nbsp;physical damage. Gain <TFTBonus>@ModifiedShieldAmount@&nbsp;(%i:scaleAP%)</TFTBonus> Shield for @ShieldDuration@ seconds.<br><br><rules><tftbold>Mana Reave</tftbold>: Increase max Mana until the next cast</rules>"
TFT11_Lillia,Lillia,4,"['Mythic', 'Invoker']","{'armor': 30.0, 'attackSpeed': 0.75, 'critChance': 0.25, 'critMultiplier': 1.399999976158142, 'damage': 45.0, 'hp': 900.0, 'initialMana': 0, 'magicResist': 30.0, 'mana': 50.0, 'range': 4.0}","Hurl an orb towards the current target, dealing <magicDamage>@ModifiedDamage@&nbsp;(%i:scaleAP%)</magicDamage>&nbsp;magic damage to the first enemy hit and adjacent enemies. It continues rolling as a smaller orb, dealing <magicDamage>@SecondaryDamage@&nbsp;(%i:scaleAP%)</magicDamage>&nbsp;magic damage to enemies it hits. <br><br>Every third cast launches a mega orb at her target that deals <magicDamage>@ModifiedMegaDamage@&nbsp;(%i:scaleAP%)</magicDamage>&nbsp;magic damage and splits into @NumOfOrbs@ smaller orbs that roll towards the farthest enemies.<br>"
TFT11_Lissandra,Lissandra,5,"['Porcelain', 'Arcanist']","{'armor': 55.0, 'attackSpeed': 0.800000011920929, 'critChance': 0.25, 'critMultiplier': 1.399999976158142, 'damage': 50.0, 'hp': 1100.0, 'initialMana': 45.0, 'magicResist': 55.0, 'mana': 105.0, 'range': 2.0}","Steep the current target in a teapot, <TFTKeyword>Stunning</TFTKeyword> and dealing <magicDamage>@ModifiedDamage@&nbsp;(%i:scaleAP%)</magicDamage>&nbsp;magic damage over <scaleLevel>@Duration@</scaleLevel>&nbsp;seconds. If they die, there's a @LootChancePercent@% chance that Lissandra turns them into a loot orb. <rules>(Rewards are doubled in Hyper Roll)</rules><br><br>If the target is the last enemy remaining, kill them instantly."
TFT11_Lux,Lux,2,"['Porcelain', 'Arcanist']","{'armor': 20.0, 'attackSpeed': 0.699999988079071, 'critChance': 0.25, 'critMultiplier': 1.399999976158142, 'damage': 40.0, 'hp': 550.0, 'initialMana': 15.0, 'magicResist': 20.0, 'mana': 75.0, 'range': 4.0}","Throw a spirit bunny towards the farthest enemy, dealing <magicDamage>@ModifiedDamage@&nbsp;(%i:scaleAP%)</magicDamage>&nbsp;magic damage to enemies along the way, reduced by @ReducedDamagePercent*100@% each time it hits an enemy. The first @TargetNum@ enemies hit are <TFTKeyword>Stunned</TFTKeyword> for @StunDuration@ seconds. "
TFT11_Malphite,Malphite,1,"['Heavenly', 'Behemoth']","{'armor': 40.0, 'attackSpeed': 0.550000011920929, 'critChance': 0.25, 'critMultiplier': 1.399999976158142, 'damage': 50.0, 'hp': 650.0, 'initialMana': 40.0, 'magicResist': 40.0, 'mana': 80.0, 'range': 1.0}","For @Duration@ seconds, gain <TFTBonus>@ModifiedArmor@&nbsp;(%i:scaleAP%)</TFTBonus>&nbsp;Armor and attacks deal <magicDamage>@TotalDamage@&nbsp;(%i:scaleArmor%)</magicDamage>&nbsp;magic damage to enemies in a cone."
TFT11_Morgana,Morgana,4,"['Ghostly', 'Sage']","{'armor': 40.0, 'attackSpeed': 0.800000011920929, 'critChance': 0.25, 'critMultiplier': 1.399999976158142, 'damage': 40.0, 'hp': 950.0, 'initialMana': 0, 'magicResist': 40.0, 'mana': 60.0, 'range': 4.0}",Create a blizzard around a random enemy that deals <magicDamage>@ModifiedDamage@&nbsp;(%i:scaleAP%)</magicDamage>&nbsp;magic damage over @Duration@&nbsp;seconds and <TFTKeyword>Chills</TFTKeyword> for @ChillDuration@&nbsp;second.<br><br><rules><tftbold>Chill:</tftbold> Reduce Attack Speed by @TOOLTIPONLYChillAmount@%</rules>
TFT11_Neeko,Neeko,2,"['Mythic', 'Heavenly', 'Arcanist']","{'armor': 45.0, 'attackSpeed': 0.6499999761581421, 'critChance': 0.25, 'critMultiplier': 1.399999976158142, 'damage': 45.0, 'hp': 800.0, 'initialMana': 40.0, 'magicResist': 45.0, 'mana': 80.0, 'range': 1.0}","Hop into the air, reducing damage taken by <scaleLevel>@DR*100@%</scaleLevel> and Healing <scaleHealth>@ModifiedHeal@&nbsp;(%i:scaleAP%)</scaleHealth>&nbsp;Health over @BuffDuration@&nbsp;seconds. After, slam down and deal <magicDamage>@TotalDamage@&nbsp;(%i:scaleAP%)</magicDamage>&nbsp;magic damage to adjacent enemies."
TFT11_Ornn,Ornn,4,"['Dryad', 'Behemoth']","{'armor': 60.0, 'attackSpeed': 0.6000000238418579, 'critChance': 0.25, 'critMultiplier': 1.399999976158142, 'damage': 60.0, 'hp': 1100.0, 'initialMana': 80.0, 'magicResist': 60.0, 'mana': 130.0, 'range': 1.0}","Gain <TFTBonus>@ModifiedTotalShieldValue@&nbsp;(%i:scaleAP%%i:scaleHealth%)</TFTBonus>&nbsp;shield for @ShieldDuration@&nbsp;seconds. Channel and forge unstoppably over @ChannelDuration@&nbsp;seconds, dealing <magicDamage>@ModifiedMagicDamage@&nbsp;(%i:scaleAP%)</magicDamage>&nbsp;magic damage to adjacent enemies over the duration. After, toss an <TFTBonus>ephemeral Completed item</TFTBonus> to the nearest ally."
TFT11_Qiyana,Qiyana,2,"['Heavenly', 'Duelist']","{'armor': 35.0, 'attackSpeed': 0.800000011920929, 'critChance': 0.25, 'critMultiplier': 1.399999976158142, 'damage': 50.0, 'hp': 700.0, 'initialMana': 0, 'magicResist': 35.0, 'mana': 20.0, 'range': 1.0}","For @Duration@ seconds, attacks deal <physicalDamage>@ModifiedDamage@&nbsp;(%i:scaleAD%)</physicalDamage>&nbsp;physical damage to the target and <physicalDamage>@SecondaryDamage@&nbsp;(%i:scaleAD%)</physicalDamage>&nbsp;physical damage to enemies behind them. Qiyana will dash to find the best angle."
TFT11_Senna,Senna,2,"['Inkshadow', 'Sniper']","{'armor': 20.0, 'attackSpeed': 0.75, 'critChance': 0.25, 'critMultiplier': 1.399999976158142, 'damage': 55.0, 'hp': 600.0, 'initialMana': 20.0, 'magicResist': 20.0, 'mana': 75.0, 'range': 4.0}","Fire a laser @BonusRange@ Hexes beyond the current target, dealing <physicalDamage>@ModifiedDamage@&nbsp;(%i:scaleAD%)</physicalDamage>&nbsp;physical damage to enemies hit. Grant <TFTBonus>@BonusAttackDamage@%</TFTBonus>&nbsp;Attack Damage to Senna and allies to the left and right for @Duration@&nbsp;seconds."
TFT11_Sett,Sett,5,"['Fated', 'Umbral', 'Warden']","{'armor': 70.0, 'attackSpeed': 0.8500000238418579, 'critChance': 0.25, 'critMultiplier': 1.399999976158142, 'damage': 65.0, 'hp': 1200.0, 'initialMana': 80.0, 'magicResist': 70.0, 'mana': 160.0, 'range': 1.0}","<spellPassive>Passive</spellPassive>: At the start of combat, squat adjacent units in the same row. Permanently gain <TFTBonus>@AttackDamagePerThreshold@%</TFTBonus>&nbsp;Attack Damage for each @HealthSquatThreshold@&nbsp;Health squatted. <rules>Gains are doubled in Hyper Roll</rules> (Net gains: <TFTBonus>@TFTUnitProperty.:TFT11_Unit_SettADGained@</TFTBonus>%)<br><br><spellActive>Active</spellActive>: Slam the current target forward, <TFTKeyword>Stunning</TFTKeyword> them and dealing <physicalDamage>@TotalPrimaryDamage@&nbsp;(%i:scaleAD%)</physicalDamage>&nbsp;physical damage. Deal <physicalDamage>@TotalAoEDamage@&nbsp;(%i:scaleAD%) plus @PercentHealth*100@% of the target's maximum health</physicalDamage> as physical damage to enemies within 2.5 hexes.<br><br>Fated Bonus: Gain <TFTBonus>@FatedBonus*100@%</TFTBonus> Omnivamp."
TFT11_Shen,Shen,2,"['Ghostly', 'Behemoth']","{'armor': 45.0, 'attackSpeed': 0.6499999761581421, 'critChance': 0.25, 'critMultiplier': 1.399999976158142, 'damage': 55.0, 'hp': 800.0, 'initialMana': 25.0, 'magicResist': 45.0, 'mana': 75.0, 'range': 1.0}","For @Duration@ seconds, reduce damage taken by <TFTBonus>@ModifiedShenSelfishReduction@&nbsp;(%i:scaleAP%)</TFTBonus> for Shen and <TFTBonus>@ModifiedFlatDamageReduction@&nbsp;(%i:scaleAP%)</TFTBonus> for adjacent allies. Shen's next @AttackCount@ attacks deal <trueDamage>@ModifiedTrueDamage@&nbsp;(%i:scaleArmor%)</trueDamage>&nbsp;bonus true damage."
TFT11_Riven,Riven,2,"['Storyweaver', 'Altruist', 'Bruiser']","{'armor': 40.0, 'attackSpeed': 0.75, 'critChance': 0.25, 'critMultiplier': 1.399999976158142, 'damage': 55.0, 'hp': 700.0, 'initialMana': 0, 'magicResist': 40.0, 'mana': 25.0, 'range': 1.0}","Deal <physicalDamage>@ModifiedDamage@&nbsp;(%i:scaleAD%)</physicalDamage>&nbsp;physical damage to the current target. Every 3rd cast, instead deal <physicalDamage>@BoostedModifiedDamage@&nbsp;(%i:scaleAD%)</physicalDamage>&nbsp;physical damage to the current target and enemies adjacent to them, then heal for <scaleHealth>@ModifiedHeal@&nbsp;(%i:scaleAP%)</scaleHealth>&nbsp;Health. "
TFT11_Sivir,Sivir,1,"['Storyweaver', 'Trickshot']","{'armor': 15.0, 'attackSpeed': 0.699999988079071, 'critChance': 0.25, 'critMultiplier': 1.399999976158142, 'damage': 55.0, 'hp': 500.0, 'initialMana': 0, 'magicResist': 15.0, 'mana': 50.0, 'range': 4.0}",Gain <TFTBonus>@PercentAttackDamage*100@%</TFTBonus>&nbsp;Attack Damage and grant <TFTBonus>@ModifiedAttackSpeed@&nbsp;(%i:scaleAP%)</TFTBonus>&nbsp;Attack Speed to self and adjacent allies for @Duration@&nbsp;seconds. 						<br>										
TFT11_Soraka,Soraka,3,"['Heavenly', 'Altruist']","{'armor': 25.0, 'attackSpeed': 0.75, 'critChance': 0.25, 'critMultiplier': 1.399999976158142, 'damage': 40.0, 'hp': 650.0, 'initialMana': 0, 'magicResist': 25.0, 'mana': 60.0, 'range': 4.0}","<spellPassive>Passive:</spellPassive> Each time your team loses @PercentHealthLost*100@%&nbsp;of their total Health, gain <TFTBonus>@APPerHealthLoss@</TFTBonus>&nbsp;Ability Power for the rest of combat.<br><br><spellPassive>Active:</spellPassive> <TFTKeyword>Mana Reave</TFTKeyword> the largest group of enemies within range. Deal <magicDamage>@ModifiedDamage@&nbsp;(%i:scaleAP%)</magicDamage>&nbsp;magic damage to the center enemy and <magicDamage>@ModifiedAoEDamage@&nbsp;(%i:scaleAP%)</magicDamage>&nbsp;magic damage to adjacent enemies.<br><br><tftitemrules><tftbold>Mana Reave</tftbold>: Increase max Mana by 20% until the next cast</tftitemrules>"
TFT11_Sylas,Sylas,4,"['Umbral', 'Bruiser']","{'armor': 50.0, 'attackSpeed': 0.8500000238418579, 'critChance': 0.25, 'critMultiplier': 1.399999976158142, 'damage': 50.0, 'hp': 1100.0, 'initialMana': 0, 'magicResist': 50.0, 'mana': 40.0, 'range': 1.0}","Dash around the target and slam, dealing <magicDamage>@ModifiedDamage@&nbsp;(%i:scaleAP%)</magicDamage>&nbsp;magic damage and healing for <scaleHealth>@ModifiedHeal@&nbsp;(%i:scaleAP%)</scaleHealth>&nbsp;Health. Then, swipe twice, dealing <magicDamage>@ModifiedAOEDamage@&nbsp;(%i:scaleAP%)</magicDamage>&nbsp;magic damage to nearby enemies.<br>"
TFT11_Syndra,Syndra,4,"['Fated', 'Arcanist']","{'armor': 30.0, 'attackSpeed': 0.75, 'critChance': 0.25, 'critMultiplier': 1.399999976158142, 'damage': 45.0, 'hp': 900.0, 'initialMana': 0, 'magicResist': 30.0, 'mana': 30.0, 'range': 4.0}","<spellPassive>Passive</spellPassive>: Start combat with <TFTBonus>@NumStartingButt@</TFTBonus> butterflies and gain one every @NumCastsPerButt@&nbsp;casts.<br><br><spellActive>Active</spellActive>: Throw all butterflies at the current target, dealing <magicDamage>@ModifiedDamagePerButt@&nbsp;(%i:scaleAP%)</magicDamage>&nbsp;magic damage for each butterfly.<br><br>Fated Bonus: Deal <TFTBonus>@FatedBonus*100@%</TFTBonus> more damage."
TFT11_TahmKench,Tahm Kench,3,"['Mythic', 'Bruiser']","{'armor': 45.0, 'attackSpeed': 0.6000000238418579, 'critChance': 0.25, 'critMultiplier': 1.399999976158142, 'damage': 60.0, 'hp': 850.0, 'initialMana': 40.0, 'magicResist': 45.0, 'mana': 100, 'range': 1.0}","Gain <TFTBonus>@ModifiedShield@&nbsp;(%i:scaleHealth%)</TFTBonus> Shield for @Duration@&nbsp;seconds and deal <magicDamage>@ModifiedDamage@&nbsp;(%i:scaleAP%)</magicDamage>&nbsp;magic damage to the current target. If Tahm Kench has more Health than them, deal <magicDamage>@BonusModifiedDamage@&nbsp;(%i:scaleAP%)</magicDamage>&nbsp;magic damage instead. Otherwise, gain <TFTBonus>@BonusModifiedShield@&nbsp;(%i:scaleAP%)</TFTBonus>&nbsp;more Shield."
TFT11_Teemo,Teemo,2,"['Fortune', 'Trickshot']","{'armor': 20.0, 'attackSpeed': 0.699999988079071, 'critChance': 0.25, 'critMultiplier': 1.399999976158142, 'damage': 40.0, 'hp': 550.0, 'initialMana': 0, 'magicResist': 20.0, 'mana': 30.0, 'range': 4.0}","Throw a spoiled dumpling at the nearest non-poisoned enemy, poisoning them for <magicDamage>@ModifiedDamage@&nbsp;(%i:scaleAP%)</magicDamage>&nbsp;magic damage over @Duration@ seconds."
TFT11_Thresh,Thresh,3,"['Fated', 'Behemoth']","{'armor': 50.0, 'attackSpeed': 0.5, 'critChance': 0.25, 'critMultiplier': 1.399999976158142, 'damage': 75.0, 'hp': 900.0, 'initialMana': 30.0, 'magicResist': 50.0, 'mana': 90.0, 'range': 2.0}",Grant <TFTBonus>@ModifiedShield@&nbsp;(%i:scaleAP%)</TFTBonus>&nbsp;Shield to Thresh and the lowest Health ally for @ShieldDuration@&nbsp;seconds and deal <magicDamage>@ModifiedDamage@&nbsp;(%i:scaleAP%)</magicDamage>&nbsp;magic damage to enemies adjacent to both. Thresh shares <TFTBonus>@PercentArmorAndMR*100@%</TFTBonus>&nbsp;of his Armor and Magic Resist with the shielded ally for @ResistShareDuration@ seconds.<br><br>Fated Bonus: Gain <TFTBonus>@FatedDefenses@</TFTBonus> Armor and Magic Resist.
TFT11_Tristana,Tristana,3,"['Fortune', 'Duelist']","{'armor': 25.0, 'attackSpeed': 0.75, 'critChance': 0.25, 'critMultiplier': 1.399999976158142, 'damage': 60.0, 'hp': 700.0, 'initialMana': 40.0, 'magicResist': 25.0, 'mana': 100, 'range': 4.0}","Gain <TFTBonus>@AttackDamage*100@%</TFTBonus>&nbsp;Attack Damage for @Duration@&nbsp;seconds. Jump on the current target and deal <physicalDamage>@ModifiedDamage@&nbsp;(%i:scaleAD%)</physicalDamage>&nbsp;physical damage to adjacent enemies, before bouncing to a safe location."
TFT11_Udyr,Udyr,5,"['Inkshadow', 'Behemoth', 'Spirit Walker']","{'armor': 50.0, 'attackSpeed': 0.949999988079071, 'critChance': 0.25, 'critMultiplier': 1.399999976158142, 'damage': 50.0, 'hp': 1050.0, 'initialMana': 30.0, 'magicResist': 50.0, 'mana': 90.0, 'range': 1.0}","<spellActive>Ram Slam:</spellActive> Gain <TFTBonus>@ModifiedShield@&nbsp;(%i:scaleAP%)</TFTBonus>&nbsp;Shield for @ShieldDuration@&nbsp;seconds and charge through the current target, briefly knocking up any enemies he hits. Grab the nearest enemy and slam them into the ground, dealing <magicDamage>@ModifiedDamage@&nbsp;(%i:scaleAP%)</magicDamage>&nbsp;total magic damage to them and adjacent enemies.<br><br><spellActive>Tiger Strikes:</spellActive> Gain <TFTBonus>@ASPercent*100@%</TFTBonus>&nbsp;Attack Speed and empower Udyr's attacks for the next @BuffDuration@&nbsp;seconds to strike @BounceCount@ additional times dealing <magicDamage>@ModifiedShurikenDamage@&nbsp;(%i:scaleAP%)</magicDamage>&nbsp;bonus magic damage."
TFT11_Volibear,Volibear,3,"['Inkshadow', 'Duelist']","{'armor': 50.0, 'attackSpeed': 0.800000011920929, 'critChance': 0.25, 'critMultiplier': 1.399999976158142, 'damage': 45.0, 'hp': 900.0, 'initialMana': 10.0, 'magicResist': 50.0, 'mana': 60.0, 'range': 1.0}",Empower the next three attacks. The first two heal for <scaleHealth>@ModifiedHeal@&nbsp;(%i:scaleAP%)</scaleHealth>&nbsp;Health and deal <magicDamage>@ModifiedSmallDamage@&nbsp;(%i:scaleAP%)</magicDamage>&nbsp;bonus magic damage. The final attack deals <magicDamage>@ModifiedLargeDamage@&nbsp;(%i:scaleHealth%%i:scaleAP%)</magicDamage> magic damage and <TFTKeyword>Stuns</TFTKeyword> the target for @StunDuration@ second.
TFT11_WuKong,Wukong,5,"['Great', 'Heavenly', 'Sage']","{'armor': 65.0, 'attackSpeed': 0.8999999761581421, 'critChance': 0.25, 'critMultiplier': 1.399999976158142, 'damage': 80.0, 'hp': 1200.0, 'initialMana': 0, 'magicResist': 65.0, 'mana': 30.0, 'range': 1.0}","Cycle through the following abilities;<br><br>Throw staff out, dealing <physicalDamage>@ModifiedStunDamage@&nbsp;(%i:scaleAD%)</physicalDamage>&nbsp;physical damage to the current target and <TFTKeyword>Stunning</TFTKeyword> them for @StunDuration@ seconds.<br><br>Spin, dealing <physicalDamage>@ModifiedSpinDamage@&nbsp;(%i:scaleAD%)</physicalDamage> physical damage to enemies within @SpinHexRange@-hex range. <br><br>Dash to hit the most enemies in a @BonkHexRange@-hex line, then slam down staff dealing <physicalDamage>@ModifiedBonkDamage@&nbsp;(%i:scaleAD%%i:scaleAP%)</physicalDamage>&nbsp;physical damage to enemies hit."
TFT11_Yasuo,Yasuo,1,"['Fated', 'Duelist']","{'armor': 45.0, 'attackSpeed': 0.75, 'critChance': 0.25, 'critMultiplier': 1.399999976158142, 'damage': 35.0, 'hp': 600.0, 'initialMana': 0, 'magicResist': 45.0, 'mana': 70.0, 'range': 1.0}",<spellPassive>Passive:</spellPassive> Attacks while Shielded deal <magicDamage>@ModifiedShieldDamage@&nbsp;(%i:scaleArmor%%i:scaleMR%)</magicDamage> bonus magic damage.<br><br><spellActive>Active:</spellActive> Gain <TFTBonus>@ModifiedShield@&nbsp;(%i:scaleArmor%%i:scaleMR%)</TFTBonus>&nbsp;Shield for @ShieldDuration@ seconds and deal <magicDamage>@ModifiedDamage@ (%i:scaleAP%)</magicDamage> magic damage to the current target. <br><br>Fated Bonus: Gain <TFTBonus>@FatedBonus@</TFTBonus> Shield at the start of combat.
TFT11_Yone,Yone,3,"['Umbral', 'Reaper']","{'armor': 50.0, 'attackSpeed': 0.8999999761581421, 'critChance': 0.25, 'critMultiplier': 1.399999976158142, 'damage': 65.0, 'hp': 800.0, 'initialMana': 10.0, 'magicResist': 50.0, 'mana': 70.0, 'range': 1.0}","Dash in spirit form to the farthest enemy within <TFTBonus>@TFTUnitProperty.:TFT11_Unit_YoneDashRange@</TFTBonus> Hexes for @ShieldDuration@ seconds, dealing <physicalDamage>@TotalDamage@ (%i:scaleAD%)</physicalDamage> physical damage and <TFTKeyword>Wounding</TFTKeyword> enemies along the way for @WoundDuration@ seconds. While in spirit form, gain <TFTBonus>@ShieldAmount@ (%i:scaleAP%)</TFTBonus> Shield and @ASBonus*100@% Attack Speed. Afterwards, Yone returns to his starting position.<br><br>Each cast this combat increases his dash range by 1 Hex.<br><br><rules>Wound: Reduce healing received by 33%</rules>"
TFT11_Yorick,Yorick,2,"['Umbral', 'Behemoth']","{'armor': 50.0, 'attackSpeed': 0.6000000238418579, 'critChance': 0.25, 'critMultiplier': 1.399999976158142, 'damage': 60.0, 'hp': 800.0, 'initialMana': 40.0, 'magicResist': 50.0, 'mana': 80.0, 'range': 1.0}","Sap power from the @NumOfEnemies@&nbsp;nearest enemies, gaining <scaleHealth>@HealthGain@</scaleHealth>&nbsp;max Health and dealing <magicDamage>@ModifiedDamage@&nbsp;(%i:scaleAP%)</magicDamage>&nbsp;magic damage to them over @Duration@&nbsp;seconds."
TFT11_Zoe,Zoe,3,"['Fortune', 'Storyweaver', 'Arcanist']","{'armor': 25.0, 'attackSpeed': 0.75, 'critChance': 0.25, 'critMultiplier': 1.399999976158142, 'damage': 45.0, 'hp': 650.0, 'initialMana': 0, 'magicResist': 25.0, 'mana': 60.0, 'range': 4.0}","<spellPassive>Passive</spellPassive>: Kills increase the number of ricochets by @RicochetsPerKill@&nbsp;for the rest of combat.<br><br><spellActive>Active</spellActive>: Fire a missile dealing <magicDamage>@TotalDamage@&nbsp;(%i:scaleAP%)</magicDamage>&nbsp;magic damage to the current target. The missile ricochets to the farthest unit within @TOOLTIPBounceRange@&nbsp;hexes, dealing <magicDamage>@ModifiedSecondarySpellDamage@&nbsp;(%i:scaleAP%)</magicDamage>&nbsp;magic damage."
TFT11_Zyra,Zyra,2,"['Storyweaver', 'Sage']","{'armor': 20.0, 'attackSpeed': 0.75, 'critChance': 0.25, 'critMultiplier': 1.399999976158142, 'damage': 40.0, 'hp': 600.0, 'initialMana': 30.0, 'magicResist': 20.0, 'mana': 75.0, 'range': 4.0}",Summon @NumPlants@&nbsp;Vine Lashers that attack the nearest enemy @NumPlantAutos@&nbsp;times. Their attacks deal <magicDamage>@ModifiedDamage@&nbsp;(%i:scaleAP%)</magicDamage>&nbsp;magic damage and <TFTKeyword>Wound</TFTKeyword>&nbsp;their targets for @WoundDuration@&nbsp;seconds.<br><br><rules><tftbold>Wound:</tftbold> Reduce healing received by @WoundAmount@%</rules>
TFT11_FortuneYord,Kobuko,1,"['Fortune', 'Bruiser']","{'armor': 30.0, 'attackSpeed': 0.5, 'critChance': 0.25, 'critMultiplier': 1.399999976158142, 'damage': 65.0, 'hp': 600.0, 'initialMana': 30.0, 'magicResist': 30.0, 'mana': 70.0, 'range': 1.0}","<spellPassive>Passive</spellPassive>: Gain <scaleHealth>@PermanentHealthPerInterest@</scaleHealth>&nbsp;permanent Health for each gold gained from interest. (Total:&nbsp;@TFTUnitProperty.:TFT11_Unit_FortuneYordle_Health@)<br><br><spellActive>Active</spellActive>: Heal <scaleHealth>@ModifiedHeal@&nbsp;(%i:scaleAP%)</scaleHealth>&nbsp;Health over @Duration@&nbsp;seconds. Kobuko's next attack deals <magicDamage>@ModifiedDamageAmount@&nbsp;(%i:scaleHealth%)</magicDamage>&nbsp;bonus magic damage.<br><br><rules>In Hyper Roll, instead gain @HRHealthPerRound@ permanent Health per Round.</rules><br><br>"
TFT11_RekSai,Rek'Sai,1,"['Dryad', 'Bruiser']","{'armor': 45.0, 'attackSpeed': 0.550000011920929, 'critChance': 0.25, 'critMultiplier': 1.399999976158142, 'damage': 50.0, 'hp': 650.0, 'initialMana': 40.0, 'magicResist': 45.0, 'mana': 90.0, 'range': 1.0}",Gain <TFTBonus>@DefensesGained@</TFTBonus> Armor and Magic Resist for @Duration@&nbsp;seconds. <TFTKeyword>Stun</TFTKeyword> nearby enemies for @StunDuration@&nbsp;second and deal <magicDamage>@ModifiedDamage@&nbsp;(%i:scaleHealth%%i:scaleAP%)</magicDamage>&nbsp;magic damage.
TFT11_Tibbers,Tibbers,5,[],"{'armor': 70.0, 'attackSpeed': 0.6000000238418579, 'critChance': 0.25, 'critMultiplier': 1.5, 'damage': 50.0, 'hp': 850.0, 'initialMana': 50.0, 'magicResist': 70.0, 'mana': 120.0, 'range': 1.0}",Deal <magicDamage>@ModifiedDamage@</magicDamage> magic damage to enemies in a semi-circle and <TFTKeyword>Stun</TFTKeyword> them for <scaleLevel>@StunDuration@</scaleLevel> seconds.
TFT11_Kayle,Kayle,11,[],"{'armor': 25.0, 'attackSpeed': 0.699999988079071, 'critChance': 0.25, 'critMultiplier': 1.399999976158142, 'damage': 30.0, 'hp': 450.0, 'initialMana': 0, 'magicResist': 25.0, 'mana': 100, 'range': 6.0}",<spellPassive>Passive</spellPassive>: Attacks deal <magicDamage>@ModifiedOnHitDamage@&nbsp;(%i:scaleAP%)</magicDamage>&nbsp;bonus magic damage.<br><br><spellActive>Active</spellActive>: Fire a wave at the current target that deals <magicDamage>@ModifiedDamage@&nbsp;(%i:scaleAP%)</magicDamage>&nbsp;magic damage to all enemies hit.
TFT11_ZyraThornPlant,ZyraThornPlant,11,[],"{'armor': None, 'attackSpeed': 0.800000011920929, 'critChance': 0.25, 'critMultiplier': 1.399999976158142, 'damage': None, 'hp': None, 'initialMana': 0, 'magicResist': 20.0, 'mana': 100, 'range': 1.0}",
TFT11_Xayah,Xayah,5,"['Dragonlord', 'Lovers', 'Trickshot']","{'armor': 40.0, 'attackSpeed': 0.8999999761581421, 'critChance': 0.25, 'critMultiplier': 1.399999976158142, 'damage': 80.0, 'hp': 900.0, 'initialMana': 30.0, 'magicResist': 40.0, 'mana': 100, 'range': 4.0}","Throw @FeatherCount@ feathers at the @NumClosestTargets@&nbsp;closest enemies, each dealing <physicalDamage>@ModifiedFeatherDamage@&nbsp;(%i:scaleAD%)</physicalDamage>&nbsp;physical damage. Then, recall the feathers, dealing <physicalDamage>@TotalFeatherRecallDamage@&nbsp;(%i:scaleAD%%i:scaleAP%)</physicalDamage>&nbsp;physical damage to enemies they pass through."
TFT11_Gnar,Gnar,2,"['Dryad', 'Warden']","{'armor': 45.0, 'attackSpeed': 0.699999988079071, 'critChance': 0.25, 'critMultiplier': 1.399999976158142, 'damage': 60.0, 'hp': 700.0, 'initialMana': 10.0, 'magicResist': 45.0, 'mana': 60.0, 'range': 1.0}","<spellPassive>Passive</spellPassive>: Gain <TFTBonus>@ModifiedADGain@%&nbsp;(%i:scaleAP%)</TFTBonus>&nbsp;Attack&nbsp;Damage upon attacking or getting hit, up to @MaxStacks@ times. (Current bonus: <TFTBonus>@TFTUnitProperty.:TFT11_Gnar_CurrentADBonus@%</TFTBonus>)<br><br><spellActive>Active</spellActive>: Fling a boulder at the current target, dealing <physicalDamage>@TotalDamage@&nbsp;(%i:scaleAD%)</physicalDamage>&nbsp;physical damage to targets in a line."
TFT11_Rakan,Rakan,5,"['Dragonlord', 'Lovers', 'Altruist']","{'armor': 60.0, 'attackSpeed': 0.8500000238418579, 'critChance': 0.25, 'critMultiplier': 1.399999976158142, 'damage': 60.0, 'hp': 1200.0, 'initialMana': 30.0, 'magicResist': 60.0, 'mana': 90.0, 'range': 2.0}",Dash into the largest group of enemies and deal <magicDamage>@ModifiedDamage@&nbsp;(%i:scaleAP%)</magicDamage>&nbsp;magic damage to enemies in a @HexRange@-hex range. Gain <TFTBonus>@ModifiedShield@&nbsp;(%i:scaleAP%)</TFTBonus>&nbsp;Shield for each enemy hit for @ShieldDuration@&nbsp;seconds and reduce their damage by <TFTBonus>@DamageReductionPercent*100@%</TFTBonus>&nbsp;for @DebuffDuration@&nbsp;seconds.
TFT11_Jax,Jax,1,"['Inkshadow', 'Warden']","{'armor': 40.0, 'attackSpeed': 0.6499999761581421, 'critChance': 0.25, 'critMultiplier': 1.399999976158142, 'damage': 45.0, 'hp': 650.0, 'initialMana': 20.0, 'magicResist': 40.0, 'mana': 60.0, 'range': 1.0}","Gain <TFTBonus>@Resists@</TFTBonus>&nbsp;Armor and Magic Resist for the next @Duration@&nbsp;seconds. Afterwards, deal <magicDamage>@ModifiedAOEDamage@&nbsp;(%i:scaleAP%)</magicDamage>&nbsp;magic damage to adjacent enemies. The current target takes <magicDamage>@ModifiedDamage@&nbsp;(%i:scaleAP%)</magicDamage>&nbsp;magic damage and is Stunned for @StunDuration@ seconds."
TFT11_Diana,Diana,3,"['Dragonlord', 'Sage']","{'armor': 55.0, 'attackSpeed': 0.800000011920929, 'critChance': 0.25, 'critMultiplier': 1.399999976158142, 'damage': 50.0, 'hp': 900.0, 'initialMana': 50.0, 'magicResist': 55.0, 'mana': 100, 'range': 1.0}","Heal <scaleHealth>@ModifiedHeal@</scaleHealth>&nbsp;(%i:scaleAP%) Health and create a 1-hex sacred zone around Diana for @Duration@&nbsp;seconds, taking <TFTBonus>@DR*100@%</TFTBonus>&nbsp;reduced damage from enemies outside the zone. While the zone is up, Diana's attacks deal <magicDamage>@TotalDamage@&nbsp;(%i:scaleAP%)</magicDamage>&nbsp;bonus magic damage."
TFT11_Azir,Azir,5,"['Dryad', 'Invoker']","{'armor': 35.0, 'attackSpeed': 0.8500000238418579, 'critChance': 0.25, 'critMultiplier': 1.399999976158142, 'damage': 45.0, 'hp': 900.0, 'initialMana': 70.0, 'magicResist': 35.0, 'mana': 130.0, 'range': 4.0}","Fire a beam through the current target, dealing <magicDamage>@ModifiedLaserDamage@&nbsp;(%i:scaleAP%)</magicDamage>&nbsp;magic damage to enemies hit. Spawn a Guardian adjacent to the first enemy hit with <scaleHealth>@SoldierHealth@</scaleHealth> Health. The Guardian does not move or attack."
TFT11_Nautilus,Nautilus,4,"['Mythic', 'Warden']","{'armor': 60.0, 'attackSpeed': 0.6000000238418579, 'critChance': 0.25, 'critMultiplier': 1.399999976158142, 'damage': 70.0, 'hp': 1100.0, 'initialMana': 60.0, 'magicResist': 60.0, 'mana': 170.0, 'range': 1.0}","Send @NumOfWaves@&nbsp;shockwaves towards the most enemies in a line, dealing <magicDamage>@ModifiedDamage@&nbsp;(%i:scaleAP%)</magicDamage>&nbsp;magic damage and <TFTKeyword>Stunning</TFTKeyword> all enemies hit for <scaleLevel>@StunDuration@</scaleLevel>&nbsp;seconds."
TFT11_XayahRakanDummy,Xayah & Rakan,5,"['Lovers', 'Dragonlord', 'Trickshot/Altruist']","{'armor': None, 'attackSpeed': 0.800000011920929, 'critChance': 0.25, 'critMultiplier': 1.399999976158142, 'damage': None, 'hp': 800.0, 'initialMana': 0, 'magicResist': 20.0, 'mana': 100, 'range': 1.0}","Xayah fires feathers at the nearest enemies, dealing physical damage.<br><br>Rakan dashes towards the largest clump of units, deals magic damage to and debuffs them, and gains a shield for each enemy hit. "
TFT11_ExaltedCore,SightWard,11,[],"{'armor': None, 'attackSpeed': 0.800000011920929, 'critChance': 0.25, 'critMultiplier': 1.399999976158142, 'damage': None, 'hp': None, 'initialMana': 0, 'magicResist': 20.0, 'mana': 100, 'range': 1.0}",Sell Core to gain @TFTUnitProperty.:TFT11_Exalted_NumEXP@ XP
TFT11_FortuneProp,Golden Tree,11,[],"{'armor': 88.0, 'attackSpeed': 0.800000011920929, 'critChance': 0.25, 'critMultiplier': 1.399999976158142, 'damage': 0.0, 'hp': 88888.0, 'initialMana': 0, 'magicResist': 88.0, 'mana': 100, 'range': 138.0}",Luck per loss: <gold>@TFTUnitProperty.:TFT11_Trait_FortuneLossLevels@</gold> <br>Luck penalty per win: @TFTUnitProperty.:TFT11_Trait_FortuneWinPenalty@%<br>Player combats until rewards: @TFTUnitProperty.:TFT11_Trait_FortuneRoundsRemaining@<br><br>Estimated Value: @TFTUnitProperty.:TFT11_Trait_FortuneGoldValue@g<br>
TFT11_DragonlordFlames,Dragonlord Flames,11,[],"{'armor': None, 'attackSpeed': 0.800000011920929, 'critChance': 0.25, 'critMultiplier': 1.399999976158142, 'damage': None, 'hp': None, 'initialMana': 0, 'magicResist': 20.0, 'mana': 100, 'range': 1.0}",
TFT11_XayahBenchDummy,Xayah,11,[],"{'armor': None, 'attackSpeed': 0.800000011920929, 'critChance': 0.25, 'critMultiplier': 1.399999976158142, 'damage': None, 'hp': None, 'initialMana': 0, 'magicResist': 20.0, 'mana': 100, 'range': 1.0}", Xayah deals <physicalDamage>@LoversDamage@</physicalDamage> physical damage to all enemies hit by Rakan's ability.
TFT11_RakanBenchDummy,Rakan,11,[],"{'armor': None, 'attackSpeed': 0.800000011920929, 'critChance': 0.25, 'critMultiplier': 1.399999976158142, 'damage': None, 'hp': None, 'initialMana': 0, 'magicResist': 20.0, 'mana': 100, 'range': 1.0}","Rakan throws feathers at the @LoversTargets@ lowest Health allies, healing them for <scaleHealth>@LoversHealAmt@</scaleHealth> Health.<br><br><rules>This is affected by Trickshot.</rules>"
TFT11_AzirSoldier,AzirSoldier,11,[],"{'armor': 40.0, 'attackSpeed': 0.699999988079071, 'critChance': 0.25, 'critMultiplier': 1.399999976158142, 'damage': None, 'hp': 900.0, 'initialMana': 0, 'magicResist': 40.0, 'mana': 0.0, 'range': 1.0}",Placeholder Tooltip
