apiName,desc,effects,name
TFT11_Ghostly,"Upon dealing or taking damage @NumInstances@ times, Ghostly units send @NumSpectres@ spectres to haunt nearby enemies and heal @HealingPercent*100@%&nbsp;max Health every @TickRate@ seconds. <br><br>Haunted enemies take bonus damage for each spectre on them, and pass spectres on death.<br><br><expandRow>(@MinUnits@) @DamagePercent*100@% per spectre</expandRow>","[{'maxUnits': 3, 'minUnits': 2, 'style': 1, 'variables': {'DamagePercent': 0.05000000074505806, 'HealingPercent': 0.019999999552965164, 'NumInstances': 5.0, 'NumSpectres': 2.0, 'TickRate': 2.0}}, {'maxUnits': 5, 'minUnits': 4, 'style': 3, 'variables': {'DamagePercent': 0.10000000149011612, 'HealingPercent': 0.019999999552965164, 'NumInstances': 5.0, 'NumSpectres': 2.0, 'TickRate': 2.0}}, {'maxUnits': 7, 'minUnits': 6, 'style': 4, 'variables': {'DamagePercent': 0.1599999964237213, 'HealingPercent': 0.019999999552965164, 'NumInstances': 5.0, 'NumSpectres': 2.0, 'TickRate': 2.0}}, {'maxUnits': 25000, 'minUnits': 8, 'style': 4, 'variables': {'DamagePercent': 0.36000001430511475, 'HealingPercent': 0.019999999552965164, 'NumInstances': 5.0, 'NumSpectres': 2.0, 'TickRate': 2.0}}]",Ghostly
TFT11_Fortune,"When you lose a player combat, gain Luck. The more fights in a row you lose, the more Luck you get.<br><br>Lose Luck when you win. <br><br><row>(@MinUnits@) Roll a die; in that many player combats, hold a Festival where you may convert your Luck into rewards.</row><br><row>(@MinUnits@) Heal @Heal@ player health at the start of each player combat. </row><br><row>@TFTUnitProperty.:TFT11_Trait_Fortune7Tooltip@</row><br><br><rules>Each Festival, roll a new die.</rules>","[{'maxUnits': 4, 'minUnits': 3, 'style': 1, 'variables': {'Heal': 'null', 'HealDU': 'null', 'HealHR': 'null', 'WinPenalty': 0.10000000149011612, '{02dd7588}': 5.0, '{03dd771b}': 4.0, '{04dd78ae}': 4.0, '{05dd7a41}': 3.0, '{06dd7bd4}': 2.0, '{07dd7d67}': 1.0, '{1483b8b4}': 1.0, '{15b17b97}': 'null', '{7b8c990e}': 6.0}}, {'maxUnits': 6, 'minUnits': 5, 'style': 4, 'variables': {'Heal': 2.0, 'HealDU': 1.0, 'HealHR': 1.0, 'WinPenalty': 0.10000000149011612, '{02dd7588}': 5.0, '{03dd771b}': 4.0, '{04dd78ae}': 4.0, '{05dd7a41}': 3.0, '{06dd7bd4}': 2.0, '{07dd7d67}': 1.0, '{1483b8b4}': 1.0, '{15b17b97}': 'null', '{7b8c990e}': 6.0}}, {'maxUnits': 25000, 'minUnits': 7, 'style': 4, 'variables': {'Heal': 2.0, 'HealDU': 1.0, 'HealHR': 1.0, 'WinPenalty': 'null', '{02dd7588}': 5.0, '{03dd771b}': 4.0, '{04dd78ae}': 4.0, '{05dd7a41}': 3.0, '{06dd7bd4}': 2.0, '{07dd7d67}': 1.0, '{1483b8b4}': 1.0, '{7b8c990e}': 1.0, '{ac1f138b}': 12.0}}]",Fortune
TFT11_Lovers,"Change which Lover takes the field depending on whether they are placed in the front or back 2 rows. <br><br>When the fielded Lover casts, the other provides a bonus&nbsp;effect.<br><br>Front: Altruist Rakan<br>Back: Trickshot Xayah","[{'maxUnits': 1, 'minUnits': 1, 'style': 6, 'variables': {'{034c4dbb}': 1500.0, '{2c6cd0ff}': 200.0, '{6f3d98c0}': 1000.0, '{73f5f8da}': 200.0, '{91da68d9}': 300.0, '{9e4b847c}': 3.0, '{ce0fa894}': 150.0}}]",Lovers
TFT11_Reaper,"<row>(@MinUnits@) Reapers' Abilities can critically strike and they gain @CritChance*100@% Critical Strike Chance.</row><br><row>(@MinUnits@) Additionally, Reapers bleed enemies for @BleedDamage*100@% bonus true damage over @Duration@&nbsp;seconds.</row><br>","[{'maxUnits': 3, 'minUnits': 2, 'style': 1, 'variables': {'BleedDamage': 'null', 'CritChance': 0.25, 'Duration': 2.0}}, {'maxUnits': 25000, 'minUnits': 4, 'style': 4, 'variables': {'BleedDamage': 0.5, 'CritChance': 0.25, 'Duration': 2.0}}]",Reaper
TFT11_TrickshotAltruist,"Place in the back two rows to get Trickshot, place in the front two rows to get Altruist!","[{'maxUnits': 25000, 'minUnits': 1, 'style': 6, 'variables': {}}]",Trickshot/Altruist
TFT11_Umbral,"The moon illuminates hexes, Shielding units placed in them at the start of combat. <br><br>Umbral units in illuminated hexes execute low Health enemies.<br><br><row>(@MinUnits@) @ShieldAmount@&nbsp;Shield; @DesireExecuteThreshhold@% Health execute</row><br><row>(@MinUnits@) @ShieldAmount@&nbsp;Shield; @DesireExecuteThreshhold@% Health execute. More hexes are illuminated </row><br><row>(@MinUnits@) @ShieldAmount@&nbsp;Shield; @DesireExecuteThreshhold@% Health execute. Illuminate the whole board</row><br><row>(@MinUnits@) Executed enemies have a @DesireExecuteRewardPercent*100@% chance to drop loot; @DesireExecuteThreshhold@% Health execute </row>","[{'maxUnits': 3, 'minUnits': 2, 'style': 1, 'variables': {'DesireExecuteRewardPercent': 'null', 'DesireExecuteThreshhold': 10.0, 'ShieldAmount': 200.0}}, {'maxUnits': 5, 'minUnits': 4, 'style': 3, 'variables': {'DesireExecuteRewardPercent': 'null', 'DesireExecuteThreshhold': 18.0, 'ShieldAmount': 450.0}}, {'maxUnits': 8, 'minUnits': 6, 'style': 4, 'variables': {'DesireExecuteRewardPercent': 'null', 'DesireExecuteThreshhold': 25.0, 'ShieldAmount': 900.0}}, {'maxUnits': 25000, 'minUnits': 9, 'style': 5, 'variables': {'DesireExecuteRewardPercent': 1.0, 'DesireExecuteRewardPercentHR': 1.0, 'DesireExecuteThreshhold': 60.0, 'ShieldAmount': 1000.0, '{b84914bf}': 0.25}}]",Umbral
TFT11_Dryad,Dryads gain Ability Power and @StartingHealth@ Health. Each enemy death grants permanent additional Health.<br><br><expandRow>(@MinUnits@) @AP@&nbsp;%i:scaleAP%; @HealthPerCompost@&nbsp;%i:scaleHealth% per enemy death</expandRow><br><br><TFTTrackerLabel>(Total health: @TFTUnitProperty.trait:TFT11_Trait_DryadHealth@&nbsp;%i:scaleHealth%)</TFTTrackerLabel><br><TFTTrackerLabel>(Enemies killed: @TFTUnitProperty.trait:TFT11_Trait_DryadCompost@)</TFTTrackerLabel><br>,"[{'maxUnits': 3, 'minUnits': 2, 'style': 1, 'variables': {'AP': 15.0, 'Duration': 4.0, 'HealthPerCompost': 3.0, 'HealthPerCompostHR': 4.0, 'StartingHealth': 150.0, 'StartingHealthHR': 150.0}}, {'maxUnits': 5, 'minUnits': 4, 'style': 4, 'variables': {'AP': 30.0, 'Duration': 4.0, 'HealthPerCompost': 7.0, 'HealthPerCompostHR': 12.0, 'StartingHealth': 150.0, 'StartingHealthHR': 150.0}}, {'maxUnits': 25000, 'minUnits': 6, 'style': 4, 'variables': {'AP': 55.0, 'Duration': 4.0, 'HealthPerCompost': 10.0, 'HealthPerCompostHR': 20.0, 'StartingHealth': 150.0, 'StartingHealthHR': 150.0}}]",Dryad
TFT11_Sage,"Combat start: Allies in the front 2&nbsp;rows gain Omnivamp. Allies in the back 2&nbsp;rows gain Ability&nbsp;Power.<br><br><expandRow>(@MinUnits@) @Omnivamp*100@%&nbsp;Omnivamp, @APAmount@&nbsp;%i:scaleAP%</expandRow>","[{'maxUnits': 2, 'minUnits': 2, 'style': 1, 'variables': {'APAmount': 15.0, 'Omnivamp': 0.11999999731779099}}, {'maxUnits': 3, 'minUnits': 3, 'style': 3, 'variables': {'APAmount': 30.0, 'Omnivamp': 0.20000000298023224}}, {'maxUnits': 4, 'minUnits': 4, 'style': 4, 'variables': {'APAmount': 45.0, 'Omnivamp': 0.30000001192092896}}, {'maxUnits': 25000, 'minUnits': 5, 'style': 4, 'variables': {'APAmount': 75.0, 'Omnivamp': 0.44999998807907104}}]",Sage
TFT11_Arcanist,Arcanists gain Ability&nbsp;Power and grant Ability&nbsp;Power to allies.<br><br><row>(@MinUnits@) @TeamAbilityPower@&nbsp;%i:scaleAP% to all allies.</row><br><row>(@MinUnits@) @ArcanistAbilityPower@&nbsp;%i:scaleAP% for Arcanists; @TeamAbilityPower@&nbsp;%i:scaleAP% for others</row><br><row>(@MinUnits@) @ArcanistAbilityPower@&nbsp;%i:scaleAP% for Arcanists; @TeamAbilityPower@&nbsp;%i:scaleAP% for others</row><br><row>(@MinUnits@) @ArcanistAbilityPower@&nbsp;%i:scaleAP% for Arcanists; @TeamAbilityPower@&nbsp;%i:scaleAP% for others</row>,"[{'maxUnits': 3, 'minUnits': 2, 'style': 1, 'variables': {'ArcanistAbilityPower': 20.0, 'TeamAbilityPower': 20.0}}, {'maxUnits': 5, 'minUnits': 4, 'style': 3, 'variables': {'ArcanistAbilityPower': 50.0, 'TeamAbilityPower': 20.0}}, {'maxUnits': 7, 'minUnits': 6, 'style': 4, 'variables': {'ArcanistAbilityPower': 90.0, 'TeamAbilityPower': 50.0}}, {'maxUnits': 25000, 'minUnits': 8, 'style': 4, 'variables': {'ArcanistAbilityPower': 135.0, 'TeamAbilityPower': 135.0}}]",Arcanist
TFT11_InkShadow,"Gain unique Inkshadow items. Inkshadow champions gain @PercentBuff@% bonus damage and damage reduction.<br><br><row>(@MinUnits@) @TFTUnitProperty.trait:TFT11_Trait_Inkshadow_Item1@</row><br><row>(@MinUnits@) @TFTUnitProperty.trait:TFT11_Trait_Inkshadow_Item2@ and @IncreasedPercentBuff@% more bonus damage and damage reduction </row><br><row>(@MinUnits@) @TFTUnitProperty.trait:TFT11_Trait_Inkshadow_Item3@, @TFTUnitProperty.trait:TFT11_Trait_Inkshadow_Item4@, and @IncreasedPercentBuff@% more bonus damage and damage reduction.</row>","[{'maxUnits': 4, 'minUnits': 3, 'style': 1, 'variables': {'IncreasedPercentBuff': 'null', 'PercentBuff': 5.0, '{5ff50860}': 1.0}}, {'maxUnits': 6, 'minUnits': 5, 'style': 3, 'variables': {'IncreasedPercentBuff': 11.0, 'PercentBuff': 5.0, '{5ff50860}': 2.0}}, {'maxUnits': 25000, 'minUnits': 7, 'style': 4, 'variables': {'IncreasedPercentBuff': 17.0, 'PercentBuff': 5.0, '{5ff50860}': 4.0}}]",Inkshadow
TFT11_Altruist,Altruists heal the lowest Health ally for @PercentDamageToHeal*100@% of damage they deal. Your team gains Armor and Magic Resist.<br><br><expandRow>(@MinUnits@) @Resists@&nbsp;%i:scaleArmor%%i:scaleMR%</expandRow>,"[{'maxUnits': 2, 'minUnits': 2, 'style': 1, 'variables': {'PercentDamageToHeal': 0.15000000596046448, 'Resists': 10.0}}, {'maxUnits': 3, 'minUnits': 3, 'style': 3, 'variables': {'PercentDamageToHeal': 0.15000000596046448, 'Resists': 20.0}}, {'maxUnits': 25000, 'minUnits': 4, 'style': 4, 'variables': {'PercentDamageToHeal': 0.15000000596046448, 'Resists': 40.0}}]",Altruist
TFT11_Artist,The Artist paints the champion you place in a special bench slot. Get a 1-star copy of the champion placed there when the Artist's work is complete.<br><br><TFTBonus>Rounds to Complete&nbsp;= Unit Cost</TFTBonus>,"[{'maxUnits': 25000, 'minUnits': 1, 'style': 6, 'variables': {'ExtraTurns': 'null'}}]",Artist
TFT11_Exalted,"Your team gains @BaseDamageAmp@% bonus damage, plus more based on your level.<br><br>After combat, store XP in a Soul Core. Sell the Core to claim the XP.<br><br><row>(@MinUnits@) @DamageAmpPerLevel@% damage per level, @BaseAmountXP@ XP.</row><br><row>(@MinUnits@) @DamageAmpPerLevel@% damage per level, @BaseAmountXP@ XP.</row><br><br>(<TFTBonus>Current bonus: @TFTUnitProperty.trait:TFT11_Trait_Exalted_CurrentBonus@%</TFTBonus>). <br><br><rules>Each game a different set of units is Exalted.</rules>","[{'maxUnits': 4, 'minUnits': 3, 'style': 3, 'variables': {'BaseAmountXP': 1.0, 'BaseDamageAmp': 7.0, 'DamageAmpPerLevel': 1.0, 'HRGold': 2.0, '{ca5fd6df}': 1.0}}, {'maxUnits': 25000, 'minUnits': 5, 'style': 4, 'variables': {'BaseAmountXP': 2.0, 'BaseDamageAmp': 7.0, 'DamageAmpPerLevel': 3.0, 'HRGold': 4.0, '{ca5fd6df}': 3.0}}]",Exalted
TFT11_Heavenly,"Heavenly units grant unique stats to your team, increased for each Heavenly unit in play. <br><br>Heavenly units gain @SelfishHeavenlyBonus*100@% more.<br><br><expandRow>(@MinUnits@) <TFTGuildActive>@HeavenlyBonus*100@%</TFTGuildActive>&nbsp;bonus.</expandRow><br><br><TFTGuildActive enabled=TFT11_Trait_Heavenly_ActiveCrit alternate=TFTGuildInactive>Kha'Zix - </TFTGuildActive>&nbsp;%i:scaleCrit% <spellActive enabled=TFT11_Trait_Heavenly_ActiveCrit alternate=TFTGuildInactive>@TFTUnitProperty.trait:TFT11_Trait_Heavenly_Crit@%</spellActive><br><TFTGuildActive enabled=TFT11_Trait_Heavenly_ActiveDefenses alternate=TFTGuildInactive>Malphite - </TFTGuildActive>&nbsp;%i:scaleArmor%&nbsp;%i:scaleMR% <spellActive enabled=TFT11_Trait_Heavenly_ActiveDefenses alternate=TFTGuildInactive>@TFTUnitProperty.trait:TFT11_Trait_Heavenly_Defenses@</spellActive><br><TFTGuildActive enabled=TFT11_Trait_Heavenly_ActiveHealth alternate=TFTGuildInactive>Neeko - </TFTGuildActive>&nbsp;%i:scaleHealth% <spellActive enabled=TFT11_Trait_Heavenly_ActiveHealth alternate=TFTGuildInactive>@TFTUnitProperty.trait:TFT11_Trait_Heavenly_Health@</spellActive><br><TFTGuildActive enabled=TFT11_Trait_Heavenly_ActiveAttackDamage alternate=TFTGuildInactive>Qiyana - </TFTGuildActive>&nbsp;%i:scaleAD% <spellActive enabled=TFT11_Trait_Heavenly_ActiveAttackDamage alternate=TFTGuildInactive>@TFTUnitProperty.trait:TFT11_Trait_Heavenly_AD@%</spellActive><br><TFTGuildActive enabled=TFT11_Trait_Heavenly_ActiveAP alternate=TFTGuildInactive>Soraka - </TFTGuildActive>&nbsp;%i:scaleAP% <spellActive enabled=TFT11_Trait_Heavenly_ActiveAP alternate=TFTGuildInactive>@TFTUnitProperty.trait:TFT11_Trait_Heavenly_AP@%</spellActive><br><TFTGuildActive enabled=TFT11_Trait_Heavenly_ActiveAttackSpeed alternate=TFTGuildInactive>Wukong - </TFTGuildActive>&nbsp;%i:scaleAS% <spellActive enabled=TFT11_Trait_Heavenly_ActiveAttackSpeed alternate=TFTGuildInactive>@TFTUnitProperty.trait:TFT11_Trait_Heavenly_AS@%</spellActive><br><TFTGuildActive enabled=TFT11_Trait_Heavenly_ActiveOmnivamp alternate=TFTGuildInactive>Emblem - &nbsp;Omnivamp </TFTGuildActive><spellActive enabled=TFT11_Trait_Heavenly_ActiveOmnivamp alternate=TFTGuildInactive>@TFTUnitProperty.trait:TFT11_Trait_Heavenly_Omnivamp@%</spellActive>","[{'maxUnits': 2, 'minUnits': 2, 'style': 1, 'variables': {'HeavenlyBonus': 1.0, 'SelfishHeavenlyBonus': 0.699999988079071, '{13f889ae}': 1.0, '{19e47528}': 10.0, '{26ac6bc4}': 1.0, '{3c9e3624}': 5.0, '{414a2beb}': 10.0, '{4803a4eb}': 10.0, '{912546f4}': 10.0, '{a8a84fe9}': 60.0, '{f82ecbac}': 8.0}}, {'maxUnits': 3, 'minUnits': 3, 'style': 3, 'variables': {'HeavenlyBonus': 1.100000023841858, 'SelfishHeavenlyBonus': 0.699999988079071, '{13f889ae}': 1.0, '{19e47528}': 10.0, '{26ac6bc4}': 1.0, '{3c9e3624}': 5.0, '{414a2beb}': 10.0, '{4803a4eb}': 10.0, '{912546f4}': 10.0, '{a8a84fe9}': 60.0, '{f82ecbac}': 8.0}}, {'maxUnits': 4, 'minUnits': 4, 'style': 3, 'variables': {'HeavenlyBonus': 1.25, 'SelfishHeavenlyBonus': 0.699999988079071, '{13f889ae}': 1.0, '{19e47528}': 10.0, '{26ac6bc4}': 1.0, '{3c9e3624}': 5.0, '{414a2beb}': 10.0, '{4803a4eb}': 10.0, '{912546f4}': 10.0, '{a8a84fe9}': 60.0, '{f82ecbac}': 8.0}}, {'maxUnits': 5, 'minUnits': 5, 'style': 3, 'variables': {'HeavenlyBonus': 1.4500000476837158, 'SelfishHeavenlyBonus': 0.699999988079071, '{13f889ae}': 1.0, '{19e47528}': 10.0, '{26ac6bc4}': 1.0, '{3c9e3624}': 5.0, '{414a2beb}': 10.0, '{4803a4eb}': 10.0, '{912546f4}': 10.0, '{a8a84fe9}': 60.0, '{f82ecbac}': 8.0}}, {'maxUnits': 6, 'minUnits': 6, 'style': 4, 'variables': {'HeavenlyBonus': 1.7000000476837158, 'SelfishHeavenlyBonus': 0.699999988079071, '{13f889ae}': 1.0, '{19e47528}': 10.0, '{26ac6bc4}': 1.0, '{3c9e3624}': 5.0, '{414a2beb}': 10.0, '{4803a4eb}': 10.0, '{912546f4}': 10.0, '{a8a84fe9}': 60.0, '{f82ecbac}': 8.0}}, {'maxUnits': 25000, 'minUnits': 7, 'style': 4, 'variables': {'HeavenlyBonus': 2.0, 'SelfishHeavenlyBonus': 0.699999988079071, '{13f889ae}': 1.0, '{19e47528}': 10.0, '{26ac6bc4}': 1.0, '{3c9e3624}': 5.0, '{414a2beb}': 10.0, '{4803a4eb}': 10.0, '{912546f4}': 10.0, '{a8a84fe9}': 60.0, '{f82ecbac}': 8.0}}]",Heavenly
TFT11_Porcelain,"After casting, Porcelain champions boil, gaining Attack Speed and taking less damage for @Duration@&nbsp;seconds.<br><br><expandRow>(@MinUnits@) @AS*100@%&nbsp;%i:scaleAS%; @DR*100@%&nbsp;reduced damage</expandRow><br>","[{'maxUnits': 3, 'minUnits': 2, 'style': 1, 'variables': {'AS': 0.30000001192092896, 'DR': 0.20000000298023224, 'Duration': 4.0}}, {'maxUnits': 5, 'minUnits': 4, 'style': 4, 'variables': {'AS': 0.550000011920929, 'DR': 0.33000001311302185, 'Duration': 4.0}}, {'maxUnits': 25000, 'minUnits': 6, 'style': 4, 'variables': {'AS': 1.0, 'DR': 0.5, 'Duration': 4.0}}]",Porcelain
TFT11_Duelist,"Duelists gain Attack&nbsp;Speed on each attack, stacking up to @MaxStacks@&nbsp;times.<br><br><row>(@MinUnits@) @AttackSpeedPercent*100@%&nbsp;%i:scaleAS%</row><br><row>(@MinUnits@) @AttackSpeedPercent*100@%&nbsp;%i:scaleAS%</row><br><row>(@MinUnits@) @AttackSpeedPercent*100@%&nbsp;%i:scaleAS%; Duelists take @DamageReduction*100@%&nbsp;less damage</row><br><row>(@MinUnits@) @AttackSpeedPercent*100@%&nbsp;%i:scaleAS%; Duelists take @DamageReduction*100@%&nbsp;less damage</row>","[{'maxUnits': 3, 'minUnits': 2, 'style': 1, 'variables': {'AttackSpeedPercent': 0.05000000074505806, 'DamageReduction': 'null', 'MaxStacks': 12.0}}, {'maxUnits': 5, 'minUnits': 4, 'style': 3, 'variables': {'AttackSpeedPercent': 0.09000000357627869, 'DamageReduction': 'null', 'MaxStacks': 12.0}}, {'maxUnits': 7, 'minUnits': 6, 'style': 4, 'variables': {'AttackSpeedPercent': 0.12999999523162842, 'DamageReduction': 0.11999999731779099, 'MaxStacks': 12.0}}, {'maxUnits': 25000, 'minUnits': 8, 'style': 4, 'variables': {'AttackSpeedPercent': 0.18000000715255737, 'DamageReduction': 0.18000000715255737, 'MaxStacks': 12.0}}]",Duelist
TFT11_Dragonlord,"After @FirstDelay@ seconds of combat, the Dragon strikes the board, dealing true damage to enemies and granting all allies Attack Speed for the rest of combat.<br><br><row>(@MinUnits@) <trueDamage>@TrueDamageHPRatio*100@%&nbsp;%i:scaleHealth%</trueDamage> damage, @AttackSpeedBuff*100@% %i:scaleAS%.</row><br><row>(@MinUnits@) <trueDamage>@TrueDamageHPRatio*100@%&nbsp;%i:scaleHealth%</trueDamage> damage, @AttackSpeedBuff*100@% %i:scaleAS%.</row><br><row>(@MinUnits@) <trueDamage>@TrueDamageHPRatio*100@%&nbsp;%i:scaleHealth%</trueDamage> damage and Stuns for @StunDuration@ seconds.</row><br><row>(@MinUnits@) <trueDamage>@TrueDamageHPRatio*100@%&nbsp;%i:scaleHealth%</trueDamage> damage, @AttackSpeedBuff*100@% %i:scaleAS%.</row>","[{'maxUnits': 2, 'minUnits': 2, 'style': 1, 'variables': {'ASDuration': 60.0, 'AttackSpeedBuff': 0.11999999731779099, 'FirstDelay': 8.0, 'TrueDamageHPRatio': 0.05000000074505806, '{81ce23cf}': 1.0}}, {'maxUnits': 3, 'minUnits': 3, 'style': 3, 'variables': {'ASDuration': 60.0, 'AttackSpeedBuff': 0.18000000715255737, 'FirstDelay': 8.0, 'StunDuration': 1.25, 'TrueDamageHPRatio': 0.10000000149011612, '{81ce23cf}': 2.0}}, {'maxUnits': 4, 'minUnits': 4, 'style': 3, 'variables': {'ASDuration': 60.0, 'AttackSpeedBuff': 0.18000000715255737, 'FirstDelay': 8.0, 'StunDuration': 1.5, 'TrueDamageHPRatio': 0.10000000149011612, '{81ce23cf}': 3.0}}, {'maxUnits': 25000, 'minUnits': 5, 'style': 4, 'variables': {'ASDuration': 60.0, 'AttackSpeedBuff': 0.44999998807907104, 'FirstDelay': 8.0, 'StunDuration': 1.5, 'TrueDamageHPRatio': 0.15000000596046448, '{81ce23cf}': 3.0}}]",Dragonlord
TFT11_Bruiser,"Your team gains @TeamBonusHealth@ maximum Health. Bruisers gain additional maximum Health. <br><br><row>(@MinUnits@) @BonusPercentHealth*100@%&nbsp;%i:scaleHealth%</row><br><row>(@MinUnits@) @BonusPercentHealth*100@%&nbsp;%i:scaleHealth%</row><br><row>(@MinUnits@) @BonusPercentHealth*100@%&nbsp;%i:scaleHealth%</row><br><row>(@MinUnits@) @BonusPercentHealth*100@%&nbsp;%i:scaleHealth%; Every @RefreshSeconds@&nbsp;seconds, Bruisers deal @SlamPercentHealth*100@%&nbsp;%i:scaleHealth% bonus physical&nbsp;damage on their next attack.</row>","[{'maxUnits': 3, 'minUnits': 2, 'style': 1, 'variables': {'BonusPercentHealth': 0.20000000298023224, 'RefreshSeconds': 3.0, 'SlamPercentHealth': 'null', 'TeamBonusHealth': 100.0}}, {'maxUnits': 5, 'minUnits': 4, 'style': 3, 'variables': {'BonusPercentHealth': 0.4000000059604645, 'RefreshSeconds': 3.0, 'SlamPercentHealth': 'null', 'TeamBonusHealth': 100.0}}, {'maxUnits': 7, 'minUnits': 6, 'style': 3, 'variables': {'BonusPercentHealth': 0.6499999761581421, 'RefreshSeconds': 3.0, 'SlamPercentHealth': 'null', 'TeamBonusHealth': 100.0}}, {'maxUnits': 25000, 'minUnits': 8, 'style': 4, 'variables': {'BonusPercentHealth': 0.800000011920929, 'RefreshSeconds': 3.0, 'SlamPercentHealth': 0.05999999865889549, 'TeamBonusHealth': 100.0}}]",Bruiser
TFT11_Trickshot,Trickshots' abilities ricochet. Each ricochet deals a percentage of the previous bounce's damage.<br><br><row>(@MinUnits@) @MaxBounces@&nbsp;ricochet; @PercentDamage*100@% of previous damage</row><br><row>(@MinUnits@) @MaxBounces@&nbsp;ricochets; @PercentDamage*100@% of previous damage</row>,"[{'maxUnits': 3, 'minUnits': 2, 'style': 1, 'variables': {'MaxBounces': 1.0, 'PercentDamage': 0.44999998807907104}}, {'maxUnits': 25000, 'minUnits': 4, 'style': 4, 'variables': {'MaxBounces': 2.0, 'PercentDamage': 0.6000000238418579}}]",Trickshot
TFT11_Fated,Hover one Fated unit over another to form a pair and unlock a <TFTBonus>Fated Bonus</TFTBonus>. Your pair gains @PairHPBonus*100@% %i:scaleHealth%.<br><br><row>(@MinUnits@) Pair gets the Fated Bonus. </row><br><row>(@MinUnits@) All Fated champions get @BondIncreasePercent*100@% of the Fated Bonus </row><br><row>(@MinUnits@) All Fated champions get @BondIncreasePercent*100@% of the Fated Bonus </row><br><row>(@MinUnits@) All Fated champions gain @BondIncreasePercent*100@% of EVERY Fated Bonus </row>,"[{'maxUnits': 4, 'minUnits': 3, 'style': 1, 'variables': {'BondIncreasePercent': 1.0, 'PairHPBonus': 0.20000000298023224, '{55f4e448}': 0.20000000298023224, '{89fffd48}': 1.0, '{f75cc2d4}': 'null'}}, {'maxUnits': 6, 'minUnits': 5, 'style': 3, 'variables': {'BondIncreasePercent': 2.0, 'PairHPBonus': 0.20000000298023224, '{55f4e448}': 0.20000000298023224, '{89fffd48}': 1.0, '{f75cc2d4}': 1.0}}, {'maxUnits': 9, 'minUnits': 7, 'style': 4, 'variables': {'BondIncreasePercent': 3.0, 'PairHPBonus': 0.20000000298023224, '{55f4e448}': 0.20000000298023224, '{89fffd48}': 1.0, '{f75cc2d4}': 1.0}}, {'maxUnits': 25000, 'minUnits': 10, 'style': 5, 'variables': {'BondIncreasePercent': 3.0, 'PairHPBonus': 0.20000000298023224, '{55f4e448}': 0.20000000298023224, '{89fffd48}': 1.0, '{f75cc2d4}': 1.0}}]",Fated
TFT11_Invoker,"Every @TickRate@ seconds, your units gain Mana.<br><br><row>(@MinUnits@) @TeamMana@&nbsp;%i:scaleMana% to all allies.</row><br><row>(@MinUnits@) @InvokerMana@&nbsp;%i:scaleMana% to Invokers; @TeamMana@&nbsp;%i:scaleMana% to others.</row><br><row>(@MinUnits@) @InvokerMana@&nbsp;%i:scaleMana% to Invokers; @TeamMana@&nbsp;%i:scaleMana% to others.</row>","[{'maxUnits': 3, 'minUnits': 2, 'style': 1, 'variables': {'InvokerMana': 5.0, 'TeamAP': 'null', 'TeamMana': 5.0, 'TickRate': 3.0}}, {'maxUnits': 5, 'minUnits': 4, 'style': 3, 'variables': {'InvokerMana': 20.0, 'TeamAP': 'null', 'TeamMana': 5.0, 'TickRate': 3.0}}, {'maxUnits': 25000, 'minUnits': 6, 'style': 4, 'variables': {'InvokerMana': 35.0, 'TeamAP': 'null', 'TeamMana': 20.0, 'TickRate': 3.0}}]",Invoker
TFT11_Great,"Every @CastCount@ casts, Wukong grows his weapon, modifying his Abilities.","[{'maxUnits': 25000, 'minUnits': 1, 'style': 6, 'variables': {'CastCount': 3.0}}]",Great
TFT11_Sniper,Innate: Snipers gain @HexRangeIncrease@&nbsp;Attack&nbsp;Range. <br><br>Snipers deal more damage to targets farther away.<br><br><row>(@MinUnits@) @PercentDamageIncrease@%&nbsp;damage per hex.</row><br><row>(@MinUnits@) @PercentDamageIncrease@%&nbsp;damage per hex.</row><br><row>(@MinUnits@) @PercentDamageIncrease@%&nbsp;damage per hex. Snipers gain an additional @BonusHexRangeIncrease@ Attack Range.</row>,"[{'maxUnits': 3, 'minUnits': 2, 'style': 1, 'variables': {'BonusHexRangeIncrease': 'null', 'HexRangeIncrease': 1.0, 'PercentDamageIncrease': 8.0}}, {'maxUnits': 5, 'minUnits': 4, 'style': 3, 'variables': {'BonusHexRangeIncrease': 'null', 'HexRangeIncrease': 1.0, 'PercentDamageIncrease': 18.0}}, {'maxUnits': 25000, 'minUnits': 6, 'style': 4, 'variables': {'BonusHexRangeIncrease': 2.0, 'HexRangeIncrease': 1.0, 'PercentDamageIncrease': 35.0}}]",Sniper
TFT11_Mythic,"Mythic champions gain Health, Ability Power, and Attack Damage.<br><br>After 4 player combats, they become Epic, increasing the bonus by @Multiplier*100@%.<br><br><row>(@MinUnits@) +@HealthPct*100@%&nbsp;%i:scaleHealth%, @AP@%&nbsp;%i:scaleAP%%i:scaleAD%</row><br><row>(@MinUnits@) +@HealthPct*100@%&nbsp;%i:scaleHealth%, @AP@%&nbsp;%i:scaleAP%%i:scaleAD%</row><br><row>(@MinUnits@) +@HealthPct*100@%&nbsp;%i:scaleHealth%, @AP@%&nbsp;%i:scaleAP%%i:scaleAD%</row><br><row>(@MinUnits@) Instantly become Epic. The bonus is increased by @PrismaticMultiplier*100@% instead.</row>","[{'maxUnits': 4, 'minUnits': 3, 'style': 1, 'variables': {'AP': 11.0, 'HealthPct': 0.07999999821186066, 'Multiplier': 0.5}}, {'maxUnits': 6, 'minUnits': 5, 'style': 3, 'variables': {'AP': 22.0, 'HealthPct': 0.18000000715255737, 'Multiplier': 0.5}}, {'maxUnits': 9, 'minUnits': 7, 'style': 4, 'variables': {'AP': 35.0, 'HealthPct': 0.25, 'Multiplier': 0.5}}, {'maxUnits': 25000, 'minUnits': 10, 'style': 5, 'variables': {'AP': 35.0, 'HealthPct': 0.25, 'Multiplier': 0.5, 'PrismaticMultiplier': 2.5}}]",Mythic
TFT11_SpiritWalker,"The first time the Spirit Walker drops below @RevivePercent*100@% Health, he unleashes the rage within, healing to full Health, gaining increased movement speed, and changing his Ability from Ram Slam to Tiger Strikes.","[{'maxUnits': 25000, 'minUnits': 1, 'style': 6, 'variables': {'DamageReduction': 100.0, 'OmnivampPercent': 'null', 'RevivePercent': 0.5}}]",Spirit Walker
TFT11_Warden,"Wardens take less damage. For the first @Duration@&nbsp;seconds of combat, they take an additional @StartOfCombatDRPercent@% less damage. <br><br><expandRow>(@MinUnits@) @DRPercent@% less damage</expandRow>","[{'maxUnits': 3, 'minUnits': 2, 'style': 1, 'variables': {'DRPercent': 10.0, 'Duration': 10.0, 'StartOfCombatDRPercent': 18.0}}, {'maxUnits': 5, 'minUnits': 4, 'style': 3, 'variables': {'DRPercent': 22.0, 'Duration': 10.0, 'StartOfCombatDRPercent': 18.0}}, {'maxUnits': 25000, 'minUnits': 6, 'style': 4, 'variables': {'DRPercent': 35.0, 'Duration': 10.0, 'StartOfCombatDRPercent': 18.0}}]",Warden
TFT11_Behemoth,"Behemoths gain increased Armor and Magic&nbsp;Resist. Whenever a Behemoth dies, the nearest Behemoth gains @BonusPercent*100@% more for @Duration@ seconds.<br><br><expandRow>(@MinUnits@) @Defenses@&nbsp;%i:scaleArmor%%i:scaleMR%</expandRow><br>","[{'maxUnits': 3, 'minUnits': 2, 'style': 1, 'variables': {'BonusPercent': 0.5, 'Defenses': 25.0, 'Duration': 8.0, '{2af8e84f}': 1.0}}, {'maxUnits': 5, 'minUnits': 4, 'style': 3, 'variables': {'BonusPercent': 0.5, 'Defenses': 55.0, 'Duration': 8.0, '{2af8e84f}': 1.0}}, {'maxUnits': 25000, 'minUnits': 6, 'style': 4, 'variables': {'BonusPercent': 0.5, 'Defenses': 85.0, 'Duration': 8.0, '{2af8e84f}': 1.0}}]",Behemoth
TFT11_Storyweaver,Storyweavers summon a Hero named Kayle and evolve her. Storyweavers gain max Health.<br><br><row>(@MinUnits@) Pick a supportive effect. @Health@&nbsp;%i:scaleHealth%</row><br><row>(@MinUnits@) Pick a combat effect. @Health@&nbsp;%i:scaleHealth%</row><br><row>(@MinUnits@) Pick a combat effect. @Health@&nbsp;%i:scaleHealth%</row><br><row>(@MinUnits@) Ascend. @Health@&nbsp;%i:scaleHealth%</row><br><br><rules>Each Storyweaver star level increases Kayle's Health and Ability Power. Kayle gets @BonusASPerStage*100@% Attack Speed for each game Stage.</rules>,"[{'maxUnits': 4, 'minUnits': 3, 'style': 1, 'variables': {'BonusASPerStage': 0.15000000596046448, 'Health': 60.0, '{3609554d}': 3.0, '{6cf32d7f}': 100.0, '{8f92bd7b}': 1.0, '{a4d5374e}': 10.0, '{b0332b0a}': 20.0, '{b7c5b67d}': 25.0, '{cdd2f157}': 3.0, '{de1b2c92}': 0.10000000149011612}}, {'maxUnits': 6, 'minUnits': 5, 'style': 3, 'variables': {'BonusASPerStage': 0.15000000596046448, 'Health': 100.0, '{3609554d}': 3.0, '{6cf32d7f}': 100.0, '{8f92bd7b}': 1.0, '{a4d5374e}': 10.0, '{b0332b0a}': 20.0, '{b7c5b67d}': 25.0, '{cdd2f157}': 3.0, '{de1b2c92}': 0.10000000149011612}}, {'maxUnits': 9, 'minUnits': 7, 'style': 4, 'variables': {'BonusASPerStage': 0.15000000596046448, 'Health': 150.0, '{3609554d}': 3.0, '{6cf32d7f}': 100.0, '{8f92bd7b}': 1.0, '{a4d5374e}': 10.0, '{b0332b0a}': 20.0, '{b7c5b67d}': 25.0, '{cdd2f157}': 3.0, '{de1b2c92}': 0.10000000149011612}}, {'maxUnits': 25000, 'minUnits': 10, 'style': 5, 'variables': {'BonusASPerStage': 0.15000000596046448, 'Health': 250.0, '{3609554d}': 3.0, '{6cf32d7f}': 100.0, '{8f92bd7b}': 1.0, '{a4d5374e}': 10.0, '{b0332b0a}': 20.0, '{b7c5b67d}': 25.0, '{cdd2f157}': 3.0, '{de1b2c92}': 0.10000000149011612}}]",Storyweaver
